point_id,survey_no,latitude,longitude,accuracy_m
GNSS_00001,200/1,18.590854,73.7378182,0.041
GNSS_00002,200/1,18.5908539,73.7380089,0.022
GNSS_00003,200/1,18.5908417,73.7381843,0.044
GNSS_00004,200/1,18.5910072,73.7381875,0.02
GNSS_00005,200/1,18.5911536,73.7381818,0.023
GNSS_00006,200/1,18.5911446,73.7378241,0.034
GNSS_00007,201/2,18.5908482,73.7382481,0.035
GNSS_00008,201/2,18.5908199,73.7384189,0.03
GNSS_00009,201/2,18.590848,73.7386104,0.043
GNSS_00010,201/2,18.5909963,73.7386006,0.043
GNSS_00011,201/2,18.5911501,73.7386107,0.018
GNSS_00012,201/2,18.5911632,73.7382426,0.035
GNSS_00013,184/2,18.5908405,73.7386782,0.045
GNSS_00014,184/2,18.5908405,73.7390648,0.02
GNSS_00015,184/2,18.5911811,73.7390648,0.024
GNSS_00016,184/2,18.5911811,73.7386782,0.025
GNSS_00017,203/4,18.5908521,73.7390951,0.033
GNSS_00018,203/4,18.5908271,73.7392853,0.025
GNSS_00019,203/4,18.5908494,73.7394708,0.034
GNSS_00020,203/4,18.5910049,73.7394675,0.037
GNSS_00021,203/4,18.5911555,73.7394584,0.023
GNSS_00022,203/4,18.5911427,73.7391092,0.035
GNSS_00023,204/1,18.5908491,73.7395204,0.022
GNSS_00024,204/1,18.5908353,73.7397148,0.019
GNSS_00025,204/1,18.5908414,73.7398862,0.028
GNSS_00026,204/1,18.5909948,73.7398884,0.033
GNSS_00027,204/1,18.5911561,73.7398882,0.03
GNSS_00028,204/1,18.5911617,73.7395296,0.019
GNSS_00029,205/2,18.5908426,73.7399629,0.019
GNSS_00030,205/2,18.5908185,73.7401315,0.038
GNSS_00031,205/2,18.5908529,73.7403215,0.027
GNSS_00032,205/2,18.5910018,73.740326,0.043
GNSS_00033,205/2,18.5911595,73.7403102,0.04
GNSS_00034,205/2,18.5911732,73.7399623,0.041
GNSS_00035,206/3,18.5908525,73.7403896,0.035
GNSS_00036,206/3,18.5908579,73.7405583,0.029
GNSS_00037,206/3,18.5908441,73.7407429,0.044
GNSS_00038,206/3,18.5909958,73.7407599,0.032
GNSS_00039,206/3,18.5911483,73.7407351,0.043
GNSS_00040,206/3,18.5911444,73.7403798,0.021
GNSS_00041,207/4,18.590846,73.740803,0.038
GNSS_00042,207/4,18.5908541,73.7409946,0.036
GNSS_00043,207/4,18.5908472,73.7411728,0.028
GNSS_00044,207/4,18.5910012,73.7411864,0.02
GNSS_00045,207/4,18.5911562,73.7411664,0.036
GNSS_00046,207/4,18.591151,73.7408011,0.027
GNSS_00047,208/1,18.5908496,73.7412375,0.024
GNSS_00048,208/1,18.5908382,73.7414146,0.039
GNSS_00049,208/1,18.5908423,73.7415991,0.034
GNSS_00050,208/1,18.5909982,73.7415868,0.027
GNSS_00051,208/1,18.591148,73.7416026,0.03
GNSS_00052,208/1,18.5911659,73.7412386,0.036
GNSS_00053,209/2,18.5908407,73.7416586,0.02
GNSS_00054,209/2,18.5908458,73.7418452,0.029
GNSS_00055,209/2,18.5908519,73.7420223,0.035
GNSS_00056,209/2,18.5910026,73.7420451,0.023
GNSS_00057,209/2,18.5911484,73.7420203,0.037
GNSS_00058,209/2,18.5911597,73.741656,0.031
GNSS_00059,210/3,18.5908529,73.7420983,0.027
GNSS_00060,210/3,18.5908541,73.7422772,0.038
GNSS_00061,210/3,18.59085,73.742458,0.03
GNSS_00062,210/3,18.5910009,73.742459,0.04
GNSS_00063,210/3,18.5911472,73.74246,0.042
GNSS_00064,210/3,18.5911666,73.7420851,0.03
GNSS_00065,211/4,18.5908509,73.7425181,0.028
GNSS_00066,211/4,18.5908416,73.7427055,0.022
GNSS_00067,211/4,18.5908468,73.7428847,0.024
GNSS_00068,211/4,18.5909991,73.7428621,0.029
GNSS_00069,211/4,18.5911489,73.7428836,0.027
GNSS_00070,211/4,18.591172,73.742516,0.031
GNSS_00071,212/1,18.59085,73.7429477,0.024
GNSS_00072,212/1,18.5908598,73.743133,0.024
GNSS_00073,212/1,18.5908395,73.7433048,0.03
GNSS_00074,212/1,18.5910039,73.7433012,0.019
GNSS_00075,212/1,18.5911599,73.7433133,0.027
GNSS_00076,212/1,18.5911713,73.7429447,0.036
GNSS_00077,213/2,18.5908476,73.7433821,0.026
GNSS_00078,213/2,18.5908339,73.7435611,0.044
GNSS_00079,213/2,18.5908407,73.7437371,0.029
GNSS_00080,213/2,18.5910056,73.7437458,0.041
GNSS_00081,213/2,18.5911493,73.7437284,0.031
GNSS_00082,213/2,18.5911674,73.7433703,0.038
GNSS_00083,214/3,18.5908494,73.7438057,0.034
GNSS_00084,214/3,18.5908269,73.7439856,0.038
GNSS_00085,214/3,18.5908397,73.7441559,0.021
GNSS_00086,214/3,18.5909943,73.7441494,0.04
GNSS_00087,214/3,18.5911539,73.7441644,0.044
GNSS_00088,214/3,18.5911614,73.7437955,0.021
GNSS_00089,215/4,18.5908538,73.7442256,0.036
GNSS_00090,215/4,18.5908246,73.7444028,0.02
GNSS_00091,215/4,18.5908431,73.7445945,0.035
GNSS_00092,215/4,18.590997,73.744595,0.018
GNSS_00093,215/4,18.5911576,73.7445919,0.029
GNSS_00094,215/4,18.5911687,73.7442332,0.031
GNSS_00095,216/1,18.590846,73.7446588,0.042
GNSS_00096,216/1,18.5908289,73.7448396,0.025
GNSS_00097,216/1,18.5908517,73.7450116,0.031
GNSS_00098,216/1,18.5909997,73.7450216,0.034
GNSS_00099,216/1,18.5911565,73.7450146,0.028
GNSS_00100,216/1,18.5911702,73.7446509,0.019
GNSS_00101,217/2,18.5908528,73.7450794,0.021
GNSS_00102,217/2,18.5908534,73.7452663,0.024
GNSS_00103,217/2,18.5908539,73.7454342,0.037
GNSS_00104,217/2,18.5910034,73.7454246,0.026
GNSS_00105,217/2,18.5911569,73.7454428,0.034
GNSS_00106,217/2,18.5911659,73.7450857,0.031
GNSS_00107,218/3,18.5908463,73.7455068,0.034
GNSS_00108,218/3,18.5908454,73.7456863,0.044
GNSS_00109,218/3,18.5908442,73.7458742,0.04
GNSS_00110,218/3,18.5910069,73.7458935,0.026
GNSS_00111,218/3,18.5911483,73.7458736,0.028
GNSS_00112,218/3,18.5911514,73.7455138,0.026
GNSS_00113,219/4,18.59085,73.7459376,0.029
GNSS_00114,219/4,18.5908466,73.7461103,0.02
GNSS_00115,219/4,18.5908527,73.7462973,0.035
GNSS_00116,219/4,18.5909995,73.7462902,0.019
GNSS_00117,219/4,18.5911481,73.7462964,0.022
GNSS_00118,219/4,18.5911768,73.7459286,0.033
GNSS_00119,220/1,18.5912084,73.7378181,0.024
GNSS_00120,220/1,18.5912253,73.7380021,0.036
GNSS_00121,220/1,18.5912132,73.7381782,0.022
GNSS_00122,220/1,18.5913613,73.7381672,0.023
GNSS_00123,220/1,18.5915139,73.7381791,0.02
GNSS_00124,220/1,18.591522,73.7378117,0.018
GNSS_00125,221/2,18.5912036,73.738243,0.022
GNSS_00126,221/2,18.5911874,73.7384337,0.02
GNSS_00127,221/2,18.5912034,73.7386028,0.039
GNSS_00128,221/2,18.5913613,73.7386117,0.034
GNSS_00129,221/2,18.5915083,73.7386131,0.04
GNSS_00130,221/2,18.5914919,73.7382399,0.043
GNSS_00131,222/3,18.591207,73.738682,0.036
GNSS_00132,222/3,18.5912129,73.7388543,0.025
GNSS_00133,222/3,18.5912059,73.7390265,0.019
GNSS_00134,222/3,18.5913561,73.7390388,0.038
GNSS_00135,222/3,18.59152,73.7390274,0.031
GNSS_00136,222/3,18.5915212,73.7386801,0.036
GNSS_00137,223/4,18.5912007,73.7391011,0.027
GNSS_00138,223/4,18.5912142,73.7392789,0.044
GNSS_00139,223/4,18.5912124,73.7394651,0.029
GNSS_00140,223/4,18.5913629,73.7394622,0.032
GNSS_00141,223/4,18.5915197,73.7394582,0.045
GNSS_00142,223/4,18.5915185,73.7391069,0.036
GNSS_00143,224/1,18.5912069,73.7395307,0.018
GNSS_00144,224/1,18.5911973,73.7397078,0.029
GNSS_00145,224/1,18.5912013,73.739885,0.024
GNSS_00146,224/1,18.5913658,73.7398685,0.041
GNSS_00147,224/1,18.5915057,73.739889,0.021
GNSS_00148,224/1,18.5915181,73.7395308,0.044
GNSS_00149,225/2,18.5912035,73.7399558,0.039
GNSS_00150,225/2,18.5911949,73.7401421,0.029
GNSS_00151,225/2,18.5912077,73.7403118,0.043
GNSS_00152,225/2,18.5913664,73.7403143,0.032
GNSS_00153,225/2,18.5915187,73.7403166,0.04
GNSS_00154,225/2,18.5915173,73.7399623,0.026
GNSS_00155,226/3,18.5912061,73.7403895,0.031
GNSS_00156,226/3,18.5911847,73.740563,0.043
GNSS_00157,226/3,18.5912051,73.7407484,0.028
GNSS_00158,226/3,18.5913656,73.7407545,0.045
GNSS_00159,226/3,18.5915089,73.7407523,0.039
GNSS_00160,226/3,18.5915241,73.7403808,0.036
GNSS_00161,227/4,18.5912126,73.7408117,0.036
GNSS_00162,227/4,18.5912018,73.7409972,0.041
GNSS_00163,227/4,18.5912063,73.7411713,0.041
GNSS_00164,227/4,18.5913586,73.7411573,0.041
GNSS_00165,227/4,18.5915076,73.7411737,0.028
GNSS_00166,227/4,18.5915202,73.7408096,0.027
GNSS_00167,228/1,18.5912029,73.7412394,0.02
GNSS_00168,228/1,18.5911818,73.741421,0.028
GNSS_00169,228/1,18.5912007,73.7415932,0.03
GNSS_00170,228/1,18.5913639,73.7416063,0.025
GNSS_00171,228/1,18.5915068,73.7416018,0.029
GNSS_00172,228/1,18.5915113,73.7412313,0.036
GNSS_00173,229/2,18.591203,73.7416667,0.034
GNSS_00174,229/2,18.5912118,73.7418524,0.035
GNSS_00175,229/2,18.5912032,73.7420246,0.029
GNSS_00176,229/2,18.5913524,73.7420049,0.025
GNSS_00177,229/2,18.591519,73.7420308,0.041
GNSS_00178,229/2,18.591521,73.7416677,0.023
GNSS_00179,230/3,18.5912038,73.7420892,0.039
GNSS_00180,230/3,18.5911793,73.7422757,0.024
GNSS_00181,230/3,18.5912054,73.7424585,0.04
GNSS_00182,230/3,18.5913655,73.7424287,0.024
GNSS_00183,230/3,18.5915201,73.7424575,0.023
GNSS_00184,230/3,18.5915124,73.7420992,0.025
GNSS_00185,231/4,18.5912089,73.7425117,0.032
GNSS_00186,231/4,18.5911948,73.742691,0.025
GNSS_00187,231/4,18.5912049,73.7428713,0.022
GNSS_00188,231/4,18.5913662,73.7428799,0.043
GNSS_00189,231/4,18.5915116,73.7428766,0.043
GNSS_00190,231/4,18.5915042,73.7425136,0.044
GNSS_00191,232/1,18.5912015,73.7429545,0.036
GNSS_00192,232/1,18.5911969,73.743135,0.034
GNSS_00193,232/1,18.5912143,73.743311,0.04
GNSS_00194,232/1,18.5913646,73.7433092,0.043
GNSS_00195,232/1,18.5915173,73.7433045,0.021
GNSS_00196,232/1,18.5914996,73.7429374,0.024
GNSS_00197,233/2,18.5912092,73.7433754,0.028
GNSS_00198,233/2,18.5911965,73.7435562,0.044
GNSS_00199,233/2,18.5912092,73.7437378,0.037
GNSS_00200,233/2,18.591353,73.7437441,0.033
GNSS_00201,233/2,18.5915205,73.7437258,0.034
GNSS_00202,233/2,18.5915027,73.7433665,0.038
GNSS_00203,234/3,18.5912036,73.7438085,0.044
GNSS_00204,234/3,18.5911912,73.7439844,0.04
GNSS_00205,234/3,18.5912029,73.7441604,0.02
GNSS_00206,234/3,18.5913673,73.7441716,0.024
GNSS_00207,234/3,18.591519,73.744159,0.035
GNSS_00208,234/3,18.5915103,73.7438032,0.044
GNSS_00209,235/4,18.5912004,73.744229,0.023
GNSS_00210,235/4,18.5911851,73.744413,0.036
GNSS_00211,235/4,18.5912126,73.7445835,0.019
GNSS_00212,235/4,18.5913545,73.7445757,0.018
GNSS_00213,235/4,18.5915053,73.7445958,0.039
GNSS_00214,235/4,18.591494,73.7442343,0.024
GNSS_00215,236/1,18.591201,73.7446536,0.019
GNSS_00216,236/1,18.5912235,73.7448275,0.045
GNSS_00217,236/1,18.5912084,73.7450133,0.041
GNSS_00218,236/1,18.5913557,73.745006,0.03
GNSS_00219,236/1,18.5915164,73.7450179,0.021
GNSS_00220,236/1,18.5915019,73.7446624,0.037
GNSS_00221,237/2,18.5912035,73.7450744,0.037
GNSS_00222,237/2,18.5912224,73.745265,0.024
GNSS_00223,237/2,18.5912145,73.7454398,0.03
GNSS_00224,237/2,18.5913592,73.7454276,0.024
GNSS_00225,237/2,18.5915068,73.7454449,0.027
GNSS_00226,237/2,18.5915222,73.7450859,0.03
GNSS_00227,238/3,18.5912139,73.745505,0.033
GNSS_00228,238/3,18.5911917,73.7456932,0.036
GNSS_00229,238/3,18.5912006,73.7458628,0.029
GNSS_00230,238/3,18.5913637,73.7458619,0.042
GNSS_00231,238/3,18.5915072,73.7458679,0.043
GNSS_00232,238/3,18.5915131,73.7455015,0.029
GNSS_00233,239/4,18.5912071,73.7459295,0.036
GNSS_00234,239/4,18.5912224,73.7461108,0.033
GNSS_00235,239/4,18.5912047,73.7463037,0.034
GNSS_00236,239/4,18.591354,73.7462904,0.036
GNSS_00237,239/4,18.5915087,73.7462934,0.037
GNSS_00238,239/4,18.5915071,73.7459354,0.019
GNSS_00239,240/1,18.5915725,73.7378107,0.033
GNSS_00240,240/1,18.5915518,73.7380012,0.02
GNSS_00241,240/1,18.5915689,73.7381739,0.019
GNSS_00242,240/1,18.5917236,73.7381647,0.022
GNSS_00243,240/1,18.5918716,73.7381752,0.035
GNSS_00244,240/1,18.5918651,73.7378168,0.036
GNSS_00245,241/2,18.5915625,73.7382453,0.039
GNSS_00246,241/2,18.5915626,73.7384274,0.039
GNSS_00247,241/2,18.5915696,73.7386006,0.026
GNSS_00248,241/2,18.5917203,73.7386064,0.021
GNSS_00249,241/2,18.5918686,73.7386041,0.031
GNSS_00250,241/2,18.5918699,73.7382556,0.03
GNSS_00251,242/3,18.5915716,73.7386801,0.027
GNSS_00252,242/3,18.5915733,73.7388467,0.04
GNSS_00253,242/3,18.5915595,73.7390265,0.035
GNSS_00254,242/3,18.5917254,73.7390501,0.04
GNSS_00255,242/3,18.591874,73.7390362,0.043
GNSS_00256,242/3,18.5918716,73.7386778,0.02
GNSS_00257,243/4,18.591564,73.7390994,0.022
GNSS_00258,243/4,18.5915714,73.7392787,0.023
GNSS_00259,243/4,18.591567,73.739456,0.034
GNSS_00260,243/4,18.59172,73.7394584,0.039
GNSS_00261,243/4,18.5918705,73.7394693,0.036
GNSS_00262,243/4,18.5918786,73.7391054,0.023
GNSS_00263,244/1,18.5915734,73.7395276,0.026
GNSS_00264,244/1,18.5915647,73.73971,0.03
GNSS_00265,244/1,18.5915725,73.7398915,0.02
GNSS_00266,244/1,18.5917145,73.7399012,0.04
GNSS_00267,244/1,18.5918719,73.7398814,0.02
GNSS_00268,244/1,18.5918787,73.7395249,0.041
GNSS_00269,245/2,18.5915714,73.7399567,0.032
GNSS_00270,245/2,18.5915564,73.7401432,0.023
GNSS_00271,245/2,18.5915692,73.740322,0.025
GNSS_00272,245/2,18.5917195,73.7403135,0.03
GNSS_00273,245/2,18.5918661,73.7403101,0.03
GNSS_00274,245/2,18.5918776,73.7399485,0.032
GNSS_00275,246/3,18.5915696,73.7403879,0.036
GNSS_00276,246/3,18.5915705,73.7405552,0.043
GNSS_00277,246/3,18.5915643,73.7407407,0.026
GNSS_00278,246/3,18.5917181,73.7407606,0.036
GNSS_00279,246/3,18.5918782,73.7407392,0.036
GNSS_00280,246/3,18.5918703,73.7403913,0.021
GNSS_00281,247/4,18.5915717,73.7408154,0.031
GNSS_00282,247/4,18.5915477,73.7409936,0.024
GNSS_00283,247/4,18.5915697,73.7411752,0.022
GNSS_00284,247/4,18.5917221,73.7411641,0.02
GNSS_00285,247/4,18.5918707,73.7411695,0.041
GNSS_00286,247/4,18.5918635,73.7408076,0.021
GNSS_00287,248/1,18.591571,73.7412344,0.026
GNSS_00288,248/1,18.5915454,73.741411,0.038
GNSS_00289,248/1,18.591572,73.741592,0.03
GNSS_00290,248/1,18.5917246,73.7416175,0.032
GNSS_00291,248/1,18.5918719,73.7415921,0.026
GNSS_00292,248/1,18.5918589,73.7412357,0.04
GNSS_00293,249/2,18.591566,73.7416658,0.037
GNSS_00294,249/2,18.5915485,73.7418498,0.032
GNSS_00295,249/2,18.5915656,73.7420253,0.021
GNSS_00296,249/2,18.5917153,73.7420076,0.02
GNSS_00297,249/2,18.5918785,73.7420272,0.022
GNSS_00298,249/2,18.5918789,73.7416565,0.03
GNSS_00299,250/3,18.5915661,73.7420867,0.022
GNSS_00300,250/3,18.591571,73.7422694,0.026
GNSS_00301,250/3,18.5915669,73.7424445,0.04
GNSS_00302,250/3,18.5917274,73.7424454,0.037
GNSS_00303,250/3,18.5918656,73.7424503,0.022
GNSS_00304,250/3,18.5918941,73.7420995,0.037
GNSS_00305,251/4,18.5915615,73.7425138,0.032
GNSS_00306,251/4,18.5915589,73.7427073,0.035
GNSS_00307,251/4,18.5915711,73.7428783,0.034
GNSS_00308,251/4,18.5917141,73.7428904,0.037
GNSS_00309,251/4,18.591875,73.742875,0.026
GNSS_00310,251/4,18.5918488,73.7425212,0.018
GNSS_00311,252/1,18.5915741,73.7429387,0.027
GNSS_00312,252/1,18.5915745,73.7431188,0.038
GNSS_00313,252/1,18.5915744,73.7433071,0.035
GNSS_00314,252/1,18.5917182,73.7433047,0.039
GNSS_00315,252/1,18.5918749,73.7433064,0.038
GNSS_00316,252/1,18.591875,73.7429549,0.027
GNSS_00317,253/2,18.5915697,73.7433793,0.029
GNSS_00318,253/2,18.5915687,73.7435624,0.04
GNSS_00319,253/2,18.5915613,73.7437284,0.031
GNSS_00320,253/2,18.5917266,73.7437319,0.019
GNSS_00321,253/2,18.5918683,73.7437258,0.035
GNSS_00322,253/2,18.5918839,73.7433786,0.026
GNSS_00323,254/3,18.5915728,73.7437982,0.04
GNSS_00324,254/3,18.591552,73.7439854,0.033
GNSS_00325,254/3,18.5915741,73.7441593,0.027
GNSS_00326,254/3,18.5917198,73.7441549,0.02
GNSS_00327,254/3,18.5918731,73.744169,0.036
GNSS_00328,254/3,18.5918628,73.743806,0.026
GNSS_00329,255/4,18.5915704,73.7442269,0.041
GNSS_00330,255/4,18.5915544,73.7444156,0.036
GNSS_00331,255/4,18.591569,73.7445874,0.03
GNSS_00332,255/4,18.5917131,73.7445812,0.021
GNSS_00333,255/4,18.5918714,73.7445917,0.024
GNSS_00334,255/4,18.5918746,73.7442281,0.035
GNSS_00335,256/1,18.5915738,73.7446583,0.025
GNSS_00336,256/1,18.5915717,73.7448331,0.025
GNSS_00337,256/1,18.5915673,73.7450171,0.03
GNSS_00338,256/1,18.5917221,73.7450165,0.045
GNSS_00339,256/1,18.5918669,73.7450113,0.026
GNSS_00340,256/1,18.5918766,73.7446593,0.043
GNSS_00341,257/2,18.5915702,73.7450763,0.023
GNSS_00342,257/2,18.5915806,73.7452716,0.028
GNSS_00343,257/2,18.5915743,73.7454514,0.024
GNSS_00344,257/2,18.5917231,73.7454322,0.045
GNSS_00345,257/2,18.5918696,73.7454439,0.039
GNSS_00346,257/2,18.5918523,73.7450786,0.024
GNSS_00347,258/3,18.5915677,73.7455149,0.036
GNSS_00348,258/3,18.5915774,73.7456919,0.027
GNSS_00349,258/3,18.5915745,73.7458668,0.042
GNSS_00350,258/3,18.5917203,73.7458762,0.039
GNSS_00351,258/3,18.5918778,73.7458751,0.035
GNSS_00352,258/3,18.5918753,73.7455018,0.023
GNSS_00353,259/4,18.5915616,73.7459299,0.032
GNSS_00354,259/4,18.5915627,73.746111,0.032
GNSS_00355,259/4,18.5915645,73.7463012,0.023
GNSS_00356,259/4,18.5917259,73.746321,0.043
GNSS_00357,259/4,18.591869,73.7463037,0.022
GNSS_00358,259/4,18.5918576,73.7459391,0.036
GNSS_00359,260/1,18.5919324,73.7378113,0.025
GNSS_00360,260/1,18.5919111,73.7379924,0.04
GNSS_00361,260/1,18.5919232,73.7381853,0.029
GNSS_00362,260/1,18.5920809,73.738169,0.03
GNSS_00363,260/1,18.5922256,73.7381825,0.037
GNSS_00364,260/1,18.5922487,73.7378266,0.022
GNSS_00365,261/2,18.5919302,73.7382435,0.028
GNSS_00366,261/2,18.5919285,73.7384314,0.035
GNSS_00367,261/2,18.5919212,73.7386162,0.025
GNSS_00368,261/2,18.5920807,73.738594,0.041
GNSS_00369,261/2,18.5922322,73.7386043,0.022
GNSS_00370,261/2,18.5922327,73.7382426,0.027
GNSS_00371,262/3,18.5919263,73.738683,0.026
GNSS_00372,262/3,18.5919123,73.7388613,0.018
GNSS_00373,262/3,18.5919252,73.7390274,0.021
GNSS_00374,262/3,18.5920758,73.7390223,0.022
GNSS_00375,262/3,18.5922259,73.7390363,0.025
GNSS_00376,262/3,18.592222,73.7386701,0.028
GNSS_00377,263/4,18.5919276,73.7390958,0.038
GNSS_00378,263/4,18.5919284,73.7392739,0.023
GNSS_00379,263/4,18.5919234,73.7394668,0.032
GNSS_00380,263/4,18.5920825,73.7394671,0.032
GNSS_00381,263/4,18.59224,73.7394551,0.019
GNSS_00382,263/4,18.5922398,73.7390993,0.022
GNSS_00383,264/1,18.5919213,73.7395356,0.027
GNSS_00384,264/1,18.5919059,73.7397166,0.021
GNSS_00385,264/1,18.5919286,73.7398873,0.029
GNSS_00386,264/1,18.5920812,73.7398961,0.026
GNSS_00387,264/1,18.5922329,73.7398894,0.042
GNSS_00388,264/1,18.5922211,73.7395283,0.042
GNSS_00389,265/2,18.591931,73.7399608,0.019
GNSS_00390,265/2,18.591947,73.7401375,0.026
GNSS_00391,265/2,18.5919218,73.740318,0.022
GNSS_00392,265/2,18.5920816,73.7403178,0.037
GNSS_00393,265/2,18.5922274,73.7403226,0.029
GNSS_00394,265/2,18.5922424,73.7399589,0.039
GNSS_00395,266/3,18.5919223,73.7403764,0.025
GNSS_00396,266/3,18.591908,73.7405601,0.033
GNSS_00397,266/3,18.591924,73.7407441,0.024
GNSS_00398,266/3,18.5920861,73.7407467,0.044
GNSS_00399,266/3,18.5922305,73.7407408,0.026
GNSS_00400,266/3,18.5922204,73.7403878,0.026
GNSS_00401,267/4,18.5919335,73.7408112,0.043
GNSS_00402,267/4,18.5919105,73.7409945,0.036
GNSS_00403,267/4,18.5919275,73.7411722,0.038
GNSS_00404,267/4,18.5920782,73.7411776,0.024
GNSS_00405,267/4,18.5922369,73.7411681,0.04
GNSS_00406,267/4,18.592225,73.7408037,0.025
GNSS_00407,268/1,18.5919229,73.7412389,0.043
GNSS_00408,268/1,18.591914,73.7414208,0.042
GNSS_00409,268/1,18.59192,73.7416006,0.031
GNSS_00410,268/1,18.5920831,73.7415827,0.023
GNSS_00411,268/1,18.5922369,73.7415909,0.044
GNSS_00412,268/1,18.5922377,73.7412284,0.027
GNSS_00413,269/2,18.5919305,73.7416597,0.026
GNSS_00414,269/2,18.5919351,73.7418512,0.019
GNSS_00415,269/2,18.5919256,73.7420329,0.026
GNSS_00416,269/2,18.5920864,73.7420416,0.034
GNSS_00417,269/2,18.5922379,73.7420169,0.043
GNSS_00418,269/2,18.5922334,73.7416697,0.027
GNSS_00419,270/3,18.5919322,73.7420997,0.041
GNSS_00420,270/3,18.5918956,73.7422716,0.042
GNSS_00421,270/3,18.5919217,73.7424455,0.04
GNSS_00422,270/3,18.5920761,73.7424534,0.032
GNSS_00423,270/3,18.5922364,73.7424468,0.02
GNSS_00424,270/3,18.5922336,73.742097,0.036
GNSS_00425,271/4,18.591925,73.7425101,0.043
GNSS_00426,271/4,18.5918971,73.7426984,0.042
GNSS_00427,271/4,18.5919281,73.7428766,0.039
GNSS_00428,271/4,18.5920761,73.7428802,0.037
GNSS_00429,271/4,18.5922287,73.7428772,0.035
GNSS_00430,271/4,18.5922479,73.742522,0.043
GNSS_00431,272/1,18.5919306,73.7429399,0.037
GNSS_00432,272/1,18.5919159,73.7431285,0.02
GNSS_00433,272/1,18.5919264,73.7433078,0.033
GNSS_00434,272/1,18.5920823,73.7432969,0.02
GNSS_00435,272/1,18.5922289,73.7433019,0.033
GNSS_00436,272/1,18.5922253,73.7429508,0.032
GNSS_00437,273/2,18.5919296,73.7433723,0.025
GNSS_00438,273/2,18.5919205,73.7435577,0.018
GNSS_00439,273/2,18.591926,73.7437413,0.024
GNSS_00440,273/2,18.5920742,73.7437134,0.02
GNSS_00441,273/2,18.5922337,73.7437326,0.029
GNSS_00442,273/2,18.5922482,73.7433745,0.037
GNSS_00443,274/3,18.5919197,73.7438084,0.033
GNSS_00444,274/3,18.5919042,73.7439793,0.036
GNSS_00445,274/3,18.5919341,73.7441662,0.027
GNSS_00446,274/3,18.5920786,73.7441805,0.023
GNSS_00447,274/3,18.592231,73.7441703,0.033
GNSS_00448,274/3,18.5922235,73.7438073,0.032
GNSS_00449,275/4,18.5919263,73.7442364,0.043
GNSS_00450,275/4,18.5918996,73.7444121,0.042
GNSS_00451,275/4,18.5919227,73.7445864,0.024
GNSS_00452,275/4,18.5920745,73.7446006,0.02
GNSS_00453,275/4,18.5922385,73.744583,0.034
GNSS_00454,275/4,18.5922348,73.7442326,0.03
GNSS_00455,276/1,18.5919228,73.7446533,0.022
GNSS_00456,276/1,18.5919187,73.7448303,0.036
GNSS_00457,276/1,18.5919269,73.7450078,0.024
GNSS_00458,276/1,18.5920846,73.7449948,0.026
GNSS_00459,276/1,18.59223,73.74502,0.02
GNSS_00460,276/1,18.5922441,73.7446568,0.044
GNSS_00461,277/2,18.591934,73.7450822,0.04
GNSS_00462,277/2,18.5919064,73.7452706,0.043
GNSS_00463,277/2,18.591924,73.7454482,0.033
GNSS_00464,277/2,18.5920744,73.7454463,0.044
GNSS_00465,277/2,18.5922366,73.7454408,0.033
GNSS_00466,277/2,18.5922355,73.7450818,0.022
GNSS_00467,278/3,18.5919248,73.7455085,0.042
GNSS_00468,278/3,18.5919384,73.7456905,0.026
GNSS_00469,278/3,18.5919249,73.7458621,0.043
GNSS_00470,278/3,18.5920727,73.7458657,0.024
GNSS_00471,278/3,18.5922374,73.7458625,0.023
GNSS_00472,278/3,18.5922202,73.745511,0.038
GNSS_00473,279/4,18.5919223,73.7459386,0.041
GNSS_00474,279/4,18.5919006,73.7461245,0.043
GNSS_00475,279/4,18.591925,73.7463024,0.028
GNSS_00476,279/4,18.5920776,73.7462972,0.029
GNSS_00477,279/4,18.592233,73.7462931,0.033
GNSS_00478,279/4,18.5922174,73.7459366,0.024
GNSS_00479,280/1,18.5922836,73.7378236,0.038
GNSS_00480,280/1,18.5922999,73.7379945,0.028
GNSS_00481,280/1,18.5922829,73.7381816,0.022
GNSS_00482,280/1,18.5924465,73.7381833,0.033
GNSS_00483,280/1,18.5925967,73.7381774,0.023
GNSS_00484,280/1,18.5925991,73.7378194,0.042
GNSS_00485,281/2,18.5922916,73.7382392,0.036
GNSS_00486,281/2,18.5922541,73.7384191,0.018
GNSS_00487,281/2,18.5922887,73.7386011,0.032
GNSS_00488,281/2,18.5924344,73.7386007,0.029
GNSS_00489,281/2,18.592592,73.7386025,0.018
GNSS_00490,281/2,18.592607,73.7382389,0.037
GNSS_00491,282/3,18.5922914,73.7386772,0.045
GNSS_00492,282/3,18.5922548,73.7388618,0.024
GNSS_00493,282/3,18.5922814,73.7390275,0.036
GNSS_00494,282/3,18.5924401,73.7390109,0.041
GNSS_00495,282/3,18.5925891,73.7390405,0.036
GNSS_00496,282/3,18.592602,73.7386722,0.041
GNSS_00497,283/4,18.5922792,73.7390933,0.031
GNSS_00498,283/4,18.5923005,73.7392757,0.019
GNSS_00499,283/4,18.5922911,73.7394608,0.02
GNSS_00500,283/4,18.5924452,73.7394586,0.043
GNSS_00501,283/4,18.5925931,73.7394547,0.042
GNSS_00502,283/4,18.5925902,73.739093,0.033
GNSS_00503,284/1,18.5922813,73.7395232,0.037
GNSS_00504,284/1,18.5923016,73.7397146,0.02
GNSS_00505,284/1,18.5922837,73.739897,0.038
GNSS_00506,284/1,18.5924407,73.7399037,0.027
GNSS_00507,284/1,18.5925954,73.7398955,0.021
GNSS_00508,284/1,18.5925735,73.7395292,0.024
GNSS_00509,285/2,18.5922909,73.7399538,0.037
GNSS_00510,285/2,18.592286,73.7401276,0.02
GNSS_00511,285/2,18.5922866,73.7403253,0.022
GNSS_00512,285/2,18.5924465,73.7403241,0.037
GNSS_00513,285/2,18.5925954,73.7403152,0.035
GNSS_00514,285/2,18.5926027,73.7399586,0.038
GNSS_00515,286/3,18.5922907,73.7403819,0.029
GNSS_00516,286/3,18.5922822,73.7405561,0.039
GNSS_00517,286/3,18.5922876,73.7407424,0.038
GNSS_00518,286/3,18.5924336,73.7407284,0.033
GNSS_00519,286/3,18.5925935,73.7407363,0.045
GNSS_00520,286/3,18.592613,73.7403846,0.025
GNSS_00521,287/4,18.5922866,73.7408065,0.044
GNSS_00522,287/4,18.5922961,73.7409826,0.027
GNSS_00523,287/4,18.5922865,73.7411694,0.035
GNSS_00524,287/4,18.5924359,73.7411587,0.04
GNSS_00525,287/4,18.5925946,73.7411663,0.027
GNSS_00526,287/4,18.592575,73.7408118,0.027
GNSS_00527,288/1,18.5922822,73.7412454,0.033
GNSS_00528,288/1,18.592268,73.7414144,0.034
GNSS_00529,288/1,18.5922836,73.7416065,0.033
GNSS_00530,288/1,18.5924396,73.7415878,0.036
GNSS_00531,288/1,18.5925887,73.7415995,0.033
GNSS_00532,288/1,18.5925911,73.7412351,0.044
GNSS_00533,289/2,18.5922802,73.7416705,0.032
GNSS_00534,289/2,18.5922668,73.7418512,0.043
GNSS_00535,289/2,18.5922812,73.7420284,0.041
GNSS_00536,289/2,18.5924359,73.7420107,0.029
GNSS_00537,289/2,18.5925915,73.7420191,0.019
GNSS_00538,289/2,18.5926026,73.7416623,0.044
GNSS_00539,290/3,18.5922909,73.7420843,0.018
GNSS_00540,290/3,18.5922622,73.742275,0.025
GNSS_00541,290/3,18.5922798,73.7424552,0.032
GNSS_00542,290/3,18.5924424,73.7424626,0.032
GNSS_00543,290/3,18.5925966,73.7424507,0.034
GNSS_00544,290/3,18.5925966,73.7421002,0.034
GNSS_00545,291/4,18.5922814,73.7425224,0.021
GNSS_00546,291/4,18.5922876,73.7427083,0.037
GNSS_00547,291/4,18.5922932,73.742876,0.03
GNSS_00548,291/4,18.5924448,73.7428708,0.02
GNSS_00549,291/4,18.5925904,73.7428839,0.019
GNSS_00550,291/4,18.5926035,73.7425161,0.037
GNSS_00551,292/1,18.5922941,73.7429401,0.023
GNSS_00552,292/1,18.5922616,73.7431219,0.034
GNSS_00553,292/1,18.5922877,73.7433008,0.028
GNSS_00554,292/1,18.5924356,73.7433208,0.037
GNSS_00555,292/1,18.5925879,73.7433052,0.024
GNSS_00556,292/1,18.592598,73.7429487,0.038
GNSS_00557,293/2,18.5922821,73.743371,0.04
GNSS_00558,293/2,18.5922814,73.7435468,0.043
GNSS_00559,293/2,18.5922939,73.743734,0.034
GNSS_00560,293/2,18.592438,73.7437422,0.036
GNSS_00561,293/2,18.5925868,73.7437322,0.026
GNSS_00562,293/2,18.5925934,73.7433707,0.024
GNSS_00563,294/3,18.5922812,73.7437991,0.028
GNSS_00564,294/3,18.5922917,73.7439789,0.018
GNSS_00565,294/3,18.5922897,73.7441638,0.022
GNSS_00566,294/3,18.5924474,73.7441713,0.04
GNSS_00567,294/3,18.5925925,73.7441624,0.044
GNSS_00568,294/3,18.5925902,73.7437941,0.032
GNSS_00569,295/4,18.5922817,73.7442268,0.025
GNSS_00570,295/4,18.5922909,73.7444094,0.033
GNSS_00571,295/4,18.5922796,73.7445835,0.045
GNSS_00572,295/4,18.5924365,73.7445833,0.033
GNSS_00573,295/4,18.5925937,73.7445936,0.038
GNSS_00574,295/4,18.5926002,73.7442327,0.039
GNSS_00575,296/1,18.5922906,73.744661,0.037
GNSS_00576,296/1,18.5922878,73.7448318,0.035
GNSS_00577,296/1,18.5922844,73.7450149,0.022
GNSS_00578,296/1,18.5924388,73.7450401,0.022
GNSS_00579,296/1,18.5925969,73.7450247,0.024
GNSS_00580,296/1,18.5925831,73.7446503,0.024
GNSS_00581,297/2,18.5922941,73.7450763,0.025
GNSS_00582,297/2,18.5922802,73.7452589,0.036
GNSS_00583,297/2,18.592287,73.7454512,0.037
GNSS_00584,297/2,18.5924445,73.7454514,0.022
GNSS_00585,297/2,18.5925965,73.7454364,0.022
GNSS_00586,297/2,18.5925894,73.7450806,0.027
GNSS_00587,298/3,18.5922832,73.7455109,0.039
GNSS_00588,298/3,18.5922697,73.7456883,0.038
GNSS_00589,298/3,18.5922926,73.7458726,0.038
GNSS_00590,298/3,18.59244,73.7458696,0.03
GNSS_00591,298/3,18.5925994,73.7458662,0.036
GNSS_00592,298/3,18.5925992,73.7455071,0.028
GNSS_00593,299/4,18.5922867,73.7459425,0.043
GNSS_00594,299/4,18.5922656,73.7461139,0.022
GNSS_00595,299/4,18.5922811,73.7462983,0.03
GNSS_00596,299/4,18.5924441,73.7462999,0.045
GNSS_00597,299/4,18.5925967,73.7463045,0.03
GNSS_00598,299/4,18.5926115,73.7459285,0.045
GNSS_00599,300/1,18.5926405,73.7378264,0.02
GNSS_00600,300/1,18.5926186,73.7379975,0.034
GNSS_00601,300/1,18.592649,73.7381833,0.032
GNSS_00602,300/1,18.5928016,73.7381648,0.03
GNSS_00603,300/1,18.5929565,73.7381845,0.018
GNSS_00604,300/1,18.5929598,73.7378183,0.027
GNSS_00605,301/2,18.5926449,73.7382391,0.036
GNSS_00606,301/2,18.5926141,73.7384314,0.03
GNSS_00607,301/2,18.5926525,73.7386042,0.038
GNSS_00608,301/2,18.5928038,73.7385981,0.035
GNSS_00609,301/2,18.592947,73.7386122,0.022
GNSS_00610,301/2,18.5929339,73.7382557,0.029
GNSS_00611,302/3,18.5926409,73.7386676,0.041
GNSS_00612,302/3,18.5926425,73.7388586,0.042
GNSS_00613,302/3,18.5926511,73.7390335,0.024
GNSS_00614,302/3,18.5928019,73.7390195,0.034
GNSS_00615,302/3,18.5929542,73.7390303,0.023
GNSS_00616,302/3,18.5929636,73.738678,0.029
GNSS_00617,303/4,18.5926408,73.7391012,0.044
GNSS_00618,303/4,18.5926637,73.7392816,0.039
GNSS_00619,303/4,18.592654,73.7394625,0.018
GNSS_00620,303/4,18.5928063,73.7394859,0.02
GNSS_00621,303/4,18.5929581,73.7394554,0.025
GNSS_00622,303/4,18.5929669,73.7391025,0.019
GNSS_00623,304/1,18.5926508,73.7395323,0.039
GNSS_00624,304/1,18.5926205,73.7397075,0.036
GNSS_00625,304/1,18.5926473,73.7398918,0.035
GNSS_00626,304/1,18.5927933,73.7398791,0.026
GNSS_00627,304/1,18.5929591,73.7398816,0.03
GNSS_00628,304/1,18.5929397,73.739537,0.044
GNSS_00629,305/2,18.5926483,73.7399548,0.021
GNSS_00630,305/2,18.5926658,73.7401326,0.039
GNSS_00631,305/2,18.5926409,73.7403208,0.025
GNSS_00632,305/2,18.5928027,73.7403045,0.042
GNSS_00633,305/2,18.5929595,73.7403104,0.039
GNSS_00634,305/2,18.5929546,73.7399561,0.019
GNSS_00635,306/3,18.5926402,73.7403843,0.025
GNSS_00636,306/3,18.5926503,73.7405625,0.031
GNSS_00637,306/3,18.5926477,73.7407436,0.028
GNSS_00638,306/3,18.5927959,73.7407247,0.022
GNSS_00639,306/3,18.5929537,73.7407365,0.043
GNSS_00640,306/3,18.5929561,73.7403869,0.041
GNSS_00641,307/4,18.5926428,73.7408051,0.041
GNSS_00642,307/4,18.5926258,73.740998,0.039
GNSS_00643,307/4,18.5926478,73.7411768,0.026
GNSS_00644,307/4,18.5928023,73.7411721,0.02
GNSS_00645,307/4,18.5929484,73.7411628,0.03
GNSS_00646,307/4,18.5929513,73.7408104,0.028
GNSS_00647,308/1,18.5926481,73.7412367,0.044
GNSS_00648,308/1,18.5926435,73.7414176,0.018
GNSS_00649,308/1,18.5926528,73.7415926,0.036
GNSS_00650,308/1,18.5927957,73.7415953,0.041
GNSS_00651,308/1,18.5929512,73.7415892,0.038
GNSS_00652,308/1,18.5929547,73.7412325,0.021
GNSS_00653,309/2,18.5926412,73.7416731,0.034
GNSS_00654,309/2,18.5926135,73.7418409,0.02
GNSS_00655,309/2,18.592652,73.7420205,0.036
GNSS_00656,309/2,18.5928057,73.7420207,0.022
GNSS_00657,309/2,18.5929564,73.7420245,0.026
GNSS_00658,309/2,18.5929693,73.741666,0.041
GNSS_00659,310/3,18.5926402,73.7420876,0.021
GNSS_00660,310/3,18.5926374,73.7422668,0.022
GNSS_00661,310/3,18.5926414,73.742454,0.037
GNSS_00662,310/3,18.5927991,73.7424554,0.04
GNSS_00663,310/3,18.5929532,73.7424508,0.037
GNSS_00664,310/3,18.5929416,73.7421001,0.019
GNSS_00665,311/4,18.5926398,73.7425171,0.039
GNSS_00666,311/4,18.5926629,73.7426957,0.024
GNSS_00667,311/4,18.5926536,73.7428738,0.023
GNSS_00668,311/4,18.5928005,73.7428941,0.029
GNSS_00669,311/4,18.5929464,73.7428806,0.037
GNSS_00670,311/4,18.592974,73.7425118,0.043
GNSS_00671,312/1,18.59264,73.7429376,0.019
GNSS_00672,312/1,18.5926376,73.7431338,0.036
GNSS_00673,312/1,18.5926529,73.7433002,0.023
GNSS_00674,312/1,18.5927971,73.7433037,0.024
GNSS_00675,312/1,18.592952,73.7432987,0.023
GNSS_00676,312/1,18.592965,73.7429402,0.026
GNSS_00677,313/2,18.5926453,73.7433697,0.028
GNSS_00678,313/2,18.5926564,73.7435547,0.033
GNSS_00679,313/2,18.5926411,73.7437302,0.031
GNSS_00680,313/2,18.5928055,73.7437333,0.043
GNSS_00681,313/2,18.5929546,73.7437346,0.032
GNSS_00682,313/2,18.592948,73.7433788,0.028
GNSS_00683,314/3,18.5926433,73.7438062,0.044
GNSS_00684,314/3,18.5926631,73.7439865,0.034
GNSS_00685,314/3,18.592648,73.7441588,0.045
GNSS_00686,314/3,18.5927944,73.7441602,0.028
GNSS_00687,314/3,18.5929487,73.7441568,0.043
GNSS_00688,314/3,18.5929401,73.7438012,0.045
GNSS_00689,315/4,18.592653,73.7442314,0.024
GNSS_00690,315/4,18.5926598,73.7443997,0.024
GNSS_00691,315/4,18.5926476,73.7445966,0.032
GNSS_00692,315/4,18.5927949,73.7445932,0.018
GNSS_00693,315/4,18.5929585,73.7445974,0.043
GNSS_00694,315/4,18.5929607,73.7442277,0.023
GNSS_00695,316/1,18.5926399,73.7446617,0.038
GNSS_00696,316/1,18.5926525,73.7448291,0.03
GNSS_00697,316/1,18.5926407,73.7450093,0.035
GNSS_00698,316/1,18.5927976,73.745004,0.031
GNSS_00699,316/1,18.5929557,73.7450081,0.027
GNSS_00700,316/1,18.5929648,73.744658,0.037
GNSS_00701,317/2,18.592648,73.7450773,0.043
GNSS_00702,317/2,18.5926305,73.7452568,0.044
GNSS_00703,317/2,18.592641,73.7454464,0.024
GNSS_00704,317/2,18.5928065,73.7454634,0.033
GNSS_00705,317/2,18.592951,73.7454511,0.043
GNSS_00706,317/2,18.5929701,73.7450912,0.022
GNSS_00707,318/3,18.5926538,73.7455119,0.029
GNSS_00708,318/3,18.5926638,73.7456956,0.022
GNSS_00709,318/3,18.5926442,73.7458743,0.029
GNSS_00710,318/3,18.5927952,73.7458556,0.042
GNSS_00711,318/3,18.5929503,73.7458737,0.027
GNSS_00712,318/3,18.5929495,73.7455146,0.028
GNSS_00713,319/4,18.5926459,73.7459317,0.045
GNSS_00714,319/4,18.592622,73.7461224,0.042
GNSS_00715,319/4,18.592643,73.7462888,0.037
GNSS_00716,319/4,18.5927972,73.7462933,0.03
GNSS_00717,319/4,18.5929474,73.7463044,0.036
GNSS_00718,319/4,18.5929687,73.745929,0.034
GNSS_00719,320/1,18.5930096,73.737814,0.036
GNSS_00720,320/1,18.5930211,73.738004,0.034
GNSS_00721,320/1,18.5930033,73.7381761,0.023
GNSS_00722,320/1,18.5931527,73.7381605,0.019
GNSS_00723,320/1,18.5933177,73.7381817,0.023
GNSS_00724,320/1,18.5932998,73.7378134,0.026
GNSS_00725,321/2,18.5930126,73.7382463,0.021
GNSS_00726,321/2,18.5930055,73.738423,0.036
GNSS_00727,321/2,18.5930046,73.7386056,0.04
GNSS_00728,321/2,18.5931548,73.7385909,0.029
GNSS_00729,321/2,18.5933116,73.7385994,0.038
GNSS_00730,321/2,18.593328,73.7382426,0.024
GNSS_00731,322/3,18.5930122,73.7386747,0.038
GNSS_00732,322/3,18.5929926,73.738854,0.023
GNSS_00733,322/3,18.5930002,73.7390344,0.045
GNSS_00734,322/3,18.5931629,73.7390542,0.044
GNSS_00735,322/3,18.5933187,73.7390348,0.04
GNSS_00736,322/3,18.5933123,73.7386795,0.021
GNSS_00737,323/4,18.5930012,73.7391071,0.034
GNSS_00738,323/4,18.5930183,73.7392834,0.039
GNSS_00739,323/4,18.5930113,73.7394661,0.021
GNSS_00740,323/4,18.5931604,73.7394615,0.022
GNSS_00741,323/4,18.593318,73.739463,0.033
GNSS_00742,323/4,18.5933082,73.7391016,0.034
GNSS_00743,324/1,18.5930072,73.7395246,0.027
GNSS_00744,324/1,18.5929816,73.739706,0.024
GNSS_00745,324/1,18.5930064,73.7398871,0.038
GNSS_00746,324/1,18.5931525,73.7398936,0.043
GNSS_00747,324/1,18.5933071,73.7398852,0.042
GNSS_00748,324/1,18.5933011,73.7395304,0.019
GNSS_00749,325/2,18.5930138,73.739959,0.032
GNSS_00750,325/2,18.5930076,73.7401312,0.028
GNSS_00751,325/2,18.5930108,73.7403208,0.02
GNSS_00752,325/2,18.5931631,73.7403262,0.039
GNSS_00753,325/2,18.5933063,73.7403183,0.02
GNSS_00754,325/2,18.5933318,73.7399546,0.037
GNSS_00755,326/3,18.5930019,73.7403744,0.028
GNSS_00756,326/3,18.5930237,73.7405693,0.034
GNSS_00757,326/3,18.5930059,73.7407391,0.023
GNSS_00758,326/3,18.5931627,73.7407645,0.042
GNSS_00759,326/3,18.5933175,73.7407396,0.034
GNSS_00760,326/3,18.5933283,73.740383,0.027
GNSS_00761,327/4,18.5929994,73.7408027,0.031
GNSS_00762,327/4,18.5929923,73.7409824,0.022
GNSS_00763,327/4,18.5930022,73.7411759,0.023
GNSS_00764,327/4,18.5931554,73.7411567,0.04
GNSS_00765,327/4,18.5933149,73.7411656,0.024
GNSS_00766,327/4,18.59333,73.7408104,0.034
GNSS_00767,328/1,18.593012,73.7412445,0.026
GNSS_00768,328/1,18.5929882,73.741417,0.036
GNSS_00769,328/1,18.5930069,73.7415945,0.031
GNSS_00770,328/1,18.5931609,73.7416083,0.027
GNSS_00771,328/1,18.5933202,73.7415892,0.025
GNSS_00772,328/1,18.5933097,73.7412457,0.027
GNSS_00773,329/2,18.5930013,73.7416609,0.028
GNSS_00774,329/2,18.593019,73.7418497,0.019
GNSS_00775,329/2,18.5930112,73.7420308,0.037
GNSS_00776,329/2,18.593162,73.7420351,0.033
GNSS_00777,329/2,18.5933159,73.7420286,0.023
GNSS_00778,329/2,18.5933343,73.7416673,0.038
GNSS_00779,330/3,18.5930044,73.7420997,0.036
GNSS_00780,330/3,18.5929887,73.7422685,0.024
GNSS_00781,330/3,18.5930075,73.7424554,0.024
GNSS_00782,330/3,18.5931591,73.742454,0.042
GNSS_00783,330/3,18.593316,73.7424569,0.029
GNSS_00784,330/3,18.593318,73.7420928,0.042
GNSS_00785,331/4,18.5930122,73.7425184,0.029
GNSS_00786,331/4,18.5930197,73.7427009,0.033
GNSS_00787,331/4,18.5930126,73.742872,0.042
GNSS_00788,331/4,18.5931652,73.7428719,0.03
GNSS_00789,331/4,18.5933095,73.7428776,0.027
GNSS_00790,331/4,18.5933306,73.7425109,0.037
GNSS_00791,332/1,18.592999,73.7429486,0.023
GNSS_00792,332/1,18.5930067,73.7431225,0.028
GNSS_00793,332/1,18.5930107,73.743301,0.018
GNSS_00794,332/1,18.5931636,73.7433117,0.027
GNSS_00795,332/1,18.5933143,73.7432995,0.04
GNSS_00796,332/1,18.5932994,73.7429486,0.023
GNSS_00797,333/2,18.5930037,73.7433802,0.045
GNSS_00798,333/2,18.5930245,73.7435466,0.031
GNSS_00799,333/2,18.593,73.7437307,0.038
GNSS_00800,333/2,18.5931664,73.7437348,0.022
GNSS_00801,333/2,18.5933129,73.7437334,0.042
GNSS_00802,333/2,18.5933017,73.7433738,0.04
GNSS_00803,334/3,18.593008,73.7438048,0.037
GNSS_00804,334/3,18.5930123,73.743975,0.029
GNSS_00805,334/3,18.5929995,73.7441641,0.028
GNSS_00806,334/3,18.5931558,73.7441768,0.033
GNSS_00807,334/3,18.5933056,73.744162,0.031
GNSS_00808,334/3,18.5933017,73.7438095,0.022
GNSS_00809,335/4,18.5930069,73.7442206,0.044
GNSS_00810,335/4,18.5929968,73.7444104,0.028
GNSS_00811,335/4,18.5930127,73.7445871,0.029
GNSS_00812,335/4,18.5931614,73.7445701,0.022
GNSS_00813,335/4,18.5933169,73.7445847,0.033
GNSS_00814,335/4,18.5933114,73.7442278,0.043
GNSS_00815,336/1,18.5930128,73.7446581,0.021
GNSS_00816,336/1,18.5929852,73.7448415,0.023
GNSS_00817,336/1,18.5930003,73.7450095,0.019
GNSS_00818,336/1,18.593163,73.7450096,0.026
GNSS_00819,336/1,18.5933088,73.7450086,0.04
GNSS_00820,336/1,18.5933021,73.7446502,0.026
GNSS_00821,337/2,18.5930011,73.7450734,0.037
GNSS_00822,337/2,18.5930168,73.7452653,0.031
GNSS_00823,337/2,18.5930136,73.7454501,0.029
GNSS_00824,337/2,18.5931631,73.7454522,0.042
GNSS_00825,337/2,18.5933101,73.7454407,0.023
GNSS_00826,337/2,18.5933251,73.7450753,0.022
GNSS_00827,338/3,18.593008,73.7455079,0.029
GNSS_00828,338/3,18.5930247,73.7456953,0.019
GNSS_00829,338/3,18.5930048,73.7458645,0.025
GNSS_00830,338/3,18.5931524,73.7458845,0.026
GNSS_00831,338/3,18.5933177,73.7458735,0.037
GNSS_00832,338/3,18.5932946,73.745518,0.036
GNSS_00833,339/4,18.5930041,73.7459397,0.032
GNSS_00834,339/4,18.5930017,73.7461175,0.031
GNSS_00835,339/4,18.5930091,73.7462901,0.031
GNSS_00836,339/4,18.5931572,73.7462954,0.022
GNSS_00837,339/4,18.5933108,73.7463006,0.038
GNSS_00838,339/4,18.5933306,73.7459428,0.027
GNSS_00839,340/1,18.5933651,73.7378222,0.018
GNSS_00840,340/1,18.5933403,73.7379952,0.02
GNSS_00841,340/1,18.5933657,73.7381858,0.034
GNSS_00842,340/1,18.5935187,73.7381697,0.035
GNSS_00843,340/1,18.5936724,73.7381735,0.026
GNSS_00844,340/1,18.5936564,73.7378224,0.032
GNSS_00845,341/2,18.5933714,73.7382527,0.04
GNSS_00846,341/2,18.5933525,73.7384334,0.033
GNSS_00847,341/2,18.5933681,73.7386124,0.028
GNSS_00848,341/2,18.5935174,73.7386098,0.021
GNSS_00849,341/2,18.5936663,73.7386067,0.042
GNSS_00850,341/2,18.5936591,73.7382497,0.031
GNSS_00851,342/3,18.5933607,73.7386686,0.034
GNSS_00852,342/3,18.5933468,73.7388608,0.032
GNSS_00853,342/3,18.5933618,73.7390407,0.044
GNSS_00854,342/3,18.5935234,73.7390284,0.018
GNSS_00855,342/3,18.5936745,73.7390266,0.038
GNSS_00856,342/3,18.5936579,73.7386772,0.033
GNSS_00857,343/4,18.5933616,73.7391089,0.044
GNSS_00858,343/4,18.5933503,73.7392831,0.044
GNSS_00859,343/4,18.5933648,73.7394553,0.03
GNSS_00860,343/4,18.5935254,73.7394632,0.022
GNSS_00861,343/4,18.5936707,73.7394621,0.029
GNSS_00862,343/4,18.5936791,73.7391099,0.037
GNSS_00863,344/1,18.5933702,73.7395251,0.037
GNSS_00864,344/1,18.5933572,73.7397098,0.039
GNSS_00865,344/1,18.5933698,73.739884,0.033
GNSS_00866,344/1,18.5935259,73.7399056,0.034
GNSS_00867,344/1,18.5936757,73.7398826,0.043
GNSS_00868,344/1,18.5936693,73.739537,0.037
GNSS_00869,345/2,18.5933713,73.739962,0.038
GNSS_00870,345/2,18.5933436,73.7401365,0.019
GNSS_00871,345/2,18.5933691,73.74031,0.04
GNSS_00872,345/2,18.5935233,73.740324,0.021
GNSS_00873,345/2,18.5936692,73.7403103,0.041
GNSS_00874,345/2,18.59367,73.7399512,0.038
GNSS_00875,346/3,18.5933711,73.740388,0.041
GNSS_00876,346/3,18.5933536,73.7405594,0.04
GNSS_00877,346/3,18.5933648,73.7407513,0.043
GNSS_00878,346/3,18.5935268,73.7407542,0.037
GNSS_00879,346/3,18.5936733,73.7407403,0.035
GNSS_00880,346/3,18.5936592,73.7403741,0.038
GNSS_00881,347/4,18.5933658,73.7408046,0.043
GNSS_00882,347/4,18.5933448,73.7409992,0.019
GNSS_00883,347/4,18.5933701,73.7411792,0.043
GNSS_00884,347/4,18.5935125,73.7411525,0.034
GNSS_00885,347/4,18.5936689,73.7411669,0.039
GNSS_00886,347/4,18.5936859,73.740804,0.035
GNSS_00887,348/1,18.5933697,73.7412296,0.044
GNSS_00888,348/1,18.593378,73.7414182,0.035
GNSS_00889,348/1,18.5933709,73.7415985,0.031
GNSS_00890,348/1,18.5935202,73.7416029,0.033
GNSS_00891,348/1,18.5936702,73.7415963,0.038
GNSS_00892,348/1,18.5936768,73.7412442,0.036
GNSS_00893,349/2,18.5933684,73.7416666,0.03
GNSS_00894,349/2,18.5933572,73.7418532,0.019
GNSS_00895,349/2,18.5933729,73.7420221,0.042
GNSS_00896,349/2,18.5935178,73.7420313,0.023
GNSS_00897,349/2,18.5936692,73.742026,0.032
GNSS_00898,349/2,18.593692,73.741672,0.044
GNSS_00899,350/3,18.5933621,73.742094,0.019
GNSS_00900,350/3,18.5933364,73.7422745,0.037
GNSS_00901,350/3,18.5933717,73.7424559,0.019
GNSS_00902,350/3,18.5935245,73.7424576,0.02
GNSS_00903,350/3,18.5936762,73.7424593,0.023
GNSS_00904,350/3,18.5936785,73.7420906,0.025
GNSS_00905,351/4,18.5933685,73.7425169,0.039
GNSS_00906,351/4,18.5933513,73.7426981,0.026
GNSS_00907,351/4,18.5933671,73.7428828,0.02
GNSS_00908,351/4,18.5935213,73.7428719,0.039
GNSS_00909,351/4,18.5936738,73.7428843,0.03
GNSS_00910,351/4,18.5936572,73.7425226,0.029
GNSS_00911,352/1,18.5933711,73.7429506,0.019
GNSS_00912,352/1,18.59338,73.7431329,0.033
GNSS_00913,352/1,18.5933634,73.7433094,0.029
GNSS_00914,352/1,18.5935266,73.7433009,0.033
GNSS_00915,352/1,18.5936747,73.7433136,0.02
GNSS_00916,352/1,18.5936549,73.7429544,0.024
GNSS_00917,353/2,18.5933667,73.743376,0.026
GNSS_00918,353/2,18.5933396,73.7435477,0.02
GNSS_00919,353/2,18.5933619,73.7437402,0.021
GNSS_00920,353/2,18.5935241,73.7437225,0.038
GNSS_00921,353/2,18.5936778,73.7437405,0.031
GNSS_00922,353/2,18.5936769,73.7433812,0.027
GNSS_00923,354/3,18.5933618,73.7437928,0.035
GNSS_00924,354/3,18.5933517,73.7439807,0.025
GNSS_00925,354/3,18.5933695,73.7441642,0.028
GNSS_00926,354/3,18.5935205,73.744145,0.036
GNSS_00927,354/3,18.5936795,73.7441669,0.027
GNSS_00928,354/3,18.5936619,73.7437946,0.031
GNSS_00929,355/4,18.5933682,73.744222,0.029
GNSS_00930,355/4,18.5933739,73.7444144,0.034
GNSS_00931,355/4,18.5933671,73.7445821,0.042
GNSS_00932,355/4,18.5935254,73.7445769,0.033
GNSS_00933,355/4,18.593666,73.7445809,0.033
GNSS_00934,355/4,18.5936744,73.7442191,0.045
GNSS_00935,356/1,18.5933679,73.7446621,0.022
GNSS_00936,356/1,18.5933495,73.7448419,0.033
GNSS_00937,356/1,18.5933603,73.7450158,0.033
GNSS_00938,356/1,18.593512,73.745,0.042
GNSS_00939,356/1,18.5936796,73.7450111,0.022
GNSS_00940,356/1,18.5936714,73.7446637,0.038
GNSS_00941,357/2,18.5933625,73.745078,0.038
GNSS_00942,357/2,18.593383,73.7452657,0.034
GNSS_00943,357/2,18.5933648,73.7454483,0.033
GNSS_00944,357/2,18.5935253,73.7454605,0.028
GNSS_00945,357/2,18.5936747,73.7454347,0.028
GNSS_00946,357/2,18.59367,73.7450751,0.034
GNSS_00947,358/3,18.5933643,73.7455098,0.037
GNSS_00948,358/3,18.5933611,73.7456965,0.021
GNSS_00949,358/3,18.5933681,73.7458699,0.024
GNSS_00950,358/3,18.593514,73.7458656,0.04
GNSS_00951,358/3,18.593666,73.7458642,0.037
GNSS_00952,358/3,18.5936827,73.745512,0.031
GNSS_00953,359/4,18.5933626,73.7459351,0.042
GNSS_00954,359/4,18.5933644,73.7461103,0.038
GNSS_00955,359/4,18.5933667,73.7462908,0.04
GNSS_00956,359/4,18.5935141,73.7463079,0.044
GNSS_00957,359/4,18.5936789,73.7462914,0.024
GNSS_00958,359/4,18.5936763,73.745937,0.034
GNSS_00959,360/1,18.593731,73.7378214,0.041
GNSS_00960,360/1,18.5937006,73.7380058,0.032
GNSS_00961,360/1,18.5937229,73.7381833,0.029
GNSS_00962,360/1,18.593877,73.7381719,0.022
GNSS_00963,360/1,18.5940338,73.7381795,0.021
GNSS_00964,360/1,18.5940425,73.7378147,0.031
GNSS_00965,361/2,18.5937202,73.7382514,0.031
GNSS_00966,361/2,18.5937236,73.7384301,0.039
GNSS_00967,361/2,18.5937188,73.7386083,0.027
GNSS_00968,361/2,18.5938822,73.7386298,0.04
GNSS_00969,361/2,18.5940312,73.7386064,0.043
GNSS_00970,361/2,18.5940366,73.7382536,0.041
GNSS_00971,362/3,18.593732,73.7386692,0.028
GNSS_00972,362/3,18.5937458,73.7388505,0.022
GNSS_00973,362/3,18.5937217,73.7390332,0.036
GNSS_00974,362/3,18.5938839,73.7390247,0.025
GNSS_00975,362/3,18.5940266,73.7390362,0.041
GNSS_00976,362/3,18.5940339,73.7386652,0.029
GNSS_00977,363/4,18.5937273,73.7390959,0.039
GNSS_00978,363/4,18.593712,73.7392827,0.044
GNSS_00979,363/4,18.5937262,73.7394631,0.021
GNSS_00980,363/4,18.5938806,73.7394895,0.032
GNSS_00981,363/4,18.5940308,73.739467,0.039
GNSS_00982,363/4,18.5940343,73.7390947,0.04
GNSS_00983,364/1,18.5937189,73.7395369,0.037
GNSS_00984,364/1,18.5937077,73.7397015,0.034
GNSS_00985,364/1,18.5937255,73.7398969,0.044
GNSS_00986,364/1,18.5938752,73.7398892,0.04
GNSS_00987,364/1,18.5940253,73.7398817,0.035
GNSS_00988,364/1,18.5940276,73.7395264,0.03
GNSS_00989,365/2,18.5937308,73.7399502,0.023
GNSS_00990,365/2,18.5937092,73.7401363,0.018
GNSS_00991,365/2,18.5937291,73.7403185,0.037
GNSS_00992,365/2,18.5938818,73.7403303,0.043
GNSS_00993,365/2,18.5940261,73.740325,0.033
GNSS_00994,365/2,18.5940315,73.7399516,0.038
GNSS_00995,366/3,18.5937281,73.7403789,0.04
GNSS_00996,366/3,18.5937099,73.7405578,0.034
GNSS_00997,366/3,18.5937228,73.740745,0.037
GNSS_00998,366/3,18.5938734,73.7407362,0.044
GNSS_00999,366/3,18.5940293,73.7407359,0.033
GNSS_01000,366/3,18.5940537,73.740391,0.039
GNSS_01001,367/4,18.5937192,73.7408117,0.021
GNSS_01002,367/4,18.5936946,73.7409836,0.036
GNSS_01003,367/4,18.593734,73.7411733,0.04
GNSS_01004,367/4,18.5938753,73.7411725,0.02
GNSS_01005,367/4,18.5940394,73.7411675,0.043
GNSS_01006,367/4,18.5940235,73.7408104,0.031
GNSS_01007,368/1,18.593733,73.7412418,0.044
GNSS_01008,368/1,18.5937383,73.7414121,0.031
GNSS_01009,368/1,18.5937225,73.7415933,0.018
GNSS_01010,368/1,18.5938753,73.7415967,0.041
GNSS_01011,368/1,18.5940375,73.7416041,0.044
GNSS_01012,368/1,18.5940253,73.7412347,0.041
GNSS_01013,369/2,18.5937321,73.7416717,0.037
GNSS_01014,369/2,18.5937239,73.7418448,0.023
GNSS_01015,369/2,18.5937231,73.7420328,0.044
GNSS_01016,369/2,18.5938806,73.74202,0.037
GNSS_01017,369/2,18.594037,73.7420173,0.03
GNSS_01018,369/2,18.5940505,73.7416641,0.037
GNSS_01019,370/3,18.593732,73.7420893,0.033
GNSS_01020,370/3,18.5937105,73.7422665,0.044
GNSS_01021,370/3,18.5937335,73.7424483,0.037
GNSS_01022,370/3,18.5938746,73.7424451,0.04
GNSS_01023,370/3,18.5940312,73.7424511,0.037
GNSS_01024,370/3,18.594016,73.7420963,0.04
GNSS_01025,371/4,18.5937211,73.7425272,0.037
GNSS_01026,371/4,18.5937201,73.7427049,0.02
GNSS_01027,371/4,18.593734,73.7428797,0.04
GNSS_01028,371/4,18.5938797,73.7428815,0.031
GNSS_01029,371/4,18.5940368,73.7428837,0.035
GNSS_01030,371/4,18.5940206,73.7425154,0.03
GNSS_01031,372/1,18.5937241,73.7429518,0.03
GNSS_01032,372/1,18.5937305,73.743125,0.02
GNSS_01033,372/1,18.5937281,73.7433102,0.035
GNSS_01034,372/1,18.5938817,73.743303,0.031
GNSS_01035,372/1,18.5940397,73.7433076,0.044
GNSS_01036,372/1,18.5940318,73.7429423,0.041
GNSS_01037,373/2,18.5937318,73.7433747,0.044
GNSS_01038,373/2,18.593703,73.743546,0.029
GNSS_01039,373/2,18.5937237,73.7437292,0.023
GNSS_01040,373/2,18.5938759,73.7437242,0.019
GNSS_01041,373/2,18.5940289,73.7437368,0.038
GNSS_01042,373/2,18.5940427,73.7433724,0.036
GNSS_01043,374/3,18.5937198,73.7437934,0.026
GNSS_01044,374/3,18.5937137,73.7439878,0.035
GNSS_01045,374/3,18.5937249,73.7441528,0.022
GNSS_01046,374/3,18.5938731,73.7441502,0.041
GNSS_01047,374/3,18.5940271,73.7441571,0.019
GNSS_01048,374/3,18.5940263,73.7438034,0.036
GNSS_01049,375/4,18.5937272,73.7442357,0.024
GNSS_01050,375/4,18.5937124,73.7444016,0.02
GNSS_01051,375/4,18.5937279,73.7445893,0.026
GNSS_01052,375/4,18.5938832,73.7445865,0.029
GNSS_01053,375/4,18.5940314,73.7445954,0.022
GNSS_01054,375/4,18.5940463,73.7442303,0.018
GNSS_01055,376/1,18.5937189,73.7446545,0.022
GNSS_01056,376/1,18.5937146,73.744843,0.038
GNSS_01057,376/1,18.593719,73.7450154,0.029
GNSS_01058,376/1,18.5938763,73.7450277,0.028
GNSS_01059,376/1,18.5940249,73.7450109,0.025
GNSS_01060,376/1,18.5940254,73.7446528,0.029
GNSS_01061,377/2,18.593723,73.7450857,0.022
GNSS_01062,377/2,18.5937217,73.7452653,0.044
GNSS_01063,377/2,18.5937217,73.7454388,0.019
GNSS_01064,377/2,18.5938739,73.7454466,0.044
GNSS_01065,377/2,18.5940317,73.745436,0.026
GNSS_01066,377/2,18.5940395,73.7450814,0.021
GNSS_01067,378/3,18.593724,73.7455093,0.023
GNSS_01068,378/3,18.5937163,73.7456864,0.041
GNSS_01069,378/3,18.5937259,73.7458792,0.04
GNSS_01070,378/3,18.5938768,73.7458653,0.04
GNSS_01071,378/3,18.5940393,73.7458764,0.021
GNSS_01072,378/3,18.594024,73.7455014,0.039
GNSS_01073,379/4,18.5937219,73.7459456,0.031
GNSS_01074,379/4,18.5937209,73.7461213,0.026
GNSS_01075,379/4,18.593722,73.7463004,0.028
GNSS_01076,379/4,18.5938865,73.7463135,0.019
GNSS_01077,379/4,18.5940272,73.7463053,0.036
GNSS_01078,379/4,18.594027,73.7459408,0.044
GNSS_01079,380/1,18.5940806,73.7378156,0.045
GNSS_01080,380/1,18.5940684,73.7380052,0.035
GNSS_01081,380/1,18.5940907,73.7381721,0.02
GNSS_01082,380/1,18.5942408,73.7381733,0.035
GNSS_01083,380/1,18.5943861,73.7381781,0.037
GNSS_01084,380/1,18.5943741,73.7378134,0.039
GNSS_01085,381/2,18.5940841,73.7382494,0.033
GNSS_01086,381/2,18.594086,73.7384343,0.027
GNSS_01087,381/2,18.5940845,73.738599,0.031
GNSS_01088,381/2,18.5942355,73.7386047,0.041
GNSS_01089,381/2,18.5943955,73.7385993,0.034
GNSS_01090,381/2,18.5943951,73.7382479,0.041
GNSS_01091,382/3,18.5940844,73.7386698,0.032
GNSS_01092,382/3,18.5941034,73.7388454,0.031
GNSS_01093,382/3,18.5940816,73.7390326,0.033
GNSS_01094,382/3,18.5942448,73.739013,0.035
GNSS_01095,382/3,18.5943883,73.7390398,0.027
GNSS_01096,382/3,18.5943874,73.738678,0.035
GNSS_01097,383/4,18.5940815,73.7391092,0.018
GNSS_01098,383/4,18.594094,73.7392732,0.043
GNSS_01099,383/4,18.5940792,73.7394565,0.036
GNSS_01100,383/4,18.5942377,73.7394706,0.043
GNSS_01101,383/4,18.5943942,73.7394618,0.04
GNSS_01102,383/4,18.594369,73.7391029,0.031
GNSS_01103,384/1,18.5940844,73.739527,0.032
GNSS_01104,384/1,18.5941066,73.7397126,0.025
GNSS_01105,384/1,18.5940794,73.739885,0.035
GNSS_01106,384/1,18.5942364,73.7398837,0.023
GNSS_01107,384/1,18.5943994,73.7398973,0.038
GNSS_01108,384/1,18.5944116,73.7395212,0.029
GNSS_01109,385/2,18.5940853,73.7399593,0.029
GNSS_01110,385/2,18.5940744,73.7401289,0.035
GNSS_01111,385/2,18.5940865,73.7403173,0.04
GNSS_01112,385/2,18.5942399,73.7403222,0.027
GNSS_01113,385/2,18.594399,73.7403182,0.024
GNSS_01114,385/2,18.5943994,73.7399629,0.033
GNSS_01115,386/3,18.5940856,73.7403912,0.037
GNSS_01116,386/3,18.5940734,73.7405614,0.025
GNSS_01117,386/3,18.5940879,73.7407524,0.033
GNSS_01118,386/3,18.5942469,73.7407602,0.033
GNSS_01119,386/3,18.5943893,73.7407401,0.043
GNSS_01120,386/3,18.5943889,73.7403779,0.022
GNSS_01121,387/4,18.5940826,73.7408171,0.021
GNSS_01122,387/4,18.5940806,73.7409861,0.035
GNSS_01123,387/4,18.5940874,73.7411721,0.019
GNSS_01124,387/4,18.5942329,73.7411527,0.04
GNSS_01125,387/4,18.5943921,73.7411677,0.028
GNSS_01126,387/4,18.59439,73.7408099,0.039
GNSS_01127,388/1,18.594092,73.741244,0.019
GNSS_01128,388/1,18.5940911,73.7414128,0.038
GNSS_01129,388/1,18.5940789,73.7415999,0.029
GNSS_01130,388/1,18.5942376,73.7416151,0.03
GNSS_01131,388/1,18.5943853,73.7415946,0.034
GNSS_01132,388/1,18.594384,73.741238,0.032
GNSS_01133,389/2,18.594086,73.7416616,0.032
GNSS_01134,389/2,18.5940857,73.7418493,0.025
GNSS_01135,389/2,18.5940848,73.742021,0.025
GNSS_01136,389/2,18.5942424,73.742035,0.03
GNSS_01137,389/2,18.594392,73.74203,0.036
GNSS_01138,389/2,18.5943781,73.7416591,0.034
GNSS_01139,390/3,18.5940878,73.7420885,0.041
GNSS_01140,390/3,18.5940712,73.7422635,0.021
GNSS_01141,390/3,18.5940882,73.7424613,0.019
GNSS_01142,390/3,18.5942385,73.7424584,0.044
GNSS_01143,390/3,18.5943854,73.7424461,0.043
GNSS_01144,390/3,18.5943823,73.7420975,0.041
GNSS_01145,391/4,18.5940791,73.7425181,0.019
GNSS_01146,391/4,18.5941044,73.7426941,0.023
GNSS_01147,391/4,18.5940867,73.7428744,0.026
GNSS_01148,391/4,18.5942391,73.7428827,0.039
GNSS_01149,391/4,18.5943868,73.7428839,0.035
GNSS_01150,391/4,18.594371,73.7425225,0.019
GNSS_01151,392/1,18.5940927,73.7429491,0.023
GNSS_01152,392/1,18.5940559,73.743124,0.044
GNSS_01153,392/1,18.5940923,73.7433032,0.033
GNSS_01154,392/1,18.5942467,73.7432884,0.037
GNSS_01155,392/1,18.5943955,73.7433071,0.019
GNSS_01156,392/1,18.5943979,73.7429535,0.043
GNSS_01157,393/2,18.5940841,73.7433706,0.022
GNSS_01158,393/2,18.5940853,73.743556,0.042
GNSS_01159,393/2,18.5940864,73.7437428,0.036
GNSS_01160,393/2,18.5942413,73.7437357,0.02
GNSS_01161,393/2,18.5943983,73.743741,0.028
GNSS_01162,393/2,18.5943728,73.7433791,0.044
GNSS_01163,394/3,18.5940853,73.7438019,0.03
GNSS_01164,394/3,18.5940667,73.7439776,0.043
GNSS_01165,394/3,18.5940808,73.7441604,0.039
GNSS_01166,394/3,18.5942406,73.7441712,0.036
GNSS_01167,394/3,18.5943878,73.7441647,0.033
GNSS_01168,394/3,18.5943922,73.7437941,0.022
GNSS_01169,395/4,18.5940922,73.7442245,0.023
GNSS_01170,395/4,18.5940834,73.7444123,0.039
GNSS_01171,395/4,18.5940851,73.7445954,0.035
GNSS_01172,395/4,18.5942385,73.744604,0.025
GNSS_01173,395/4,18.5943984,73.7445964,0.033
GNSS_01174,395/4,18.5943751,73.7442356,0.024
GNSS_01175,396/1,18.5940808,73.7446601,0.024
GNSS_01176,396/1,18.5940935,73.7448417,0.036
GNSS_01177,396/1,18.5940816,73.7450185,0.023
GNSS_01178,396/1,18.594239,73.7449958,0.024
GNSS_01179,396/1,18.5943881,73.7450097,0.023
GNSS_01180,396/1,18.5943844,73.7446534,0.044
GNSS_01181,397/2,18.5940825,73.7450815,0.03
GNSS_01182,397/2,18.5940584,73.7452609,0.04
GNSS_01183,397/2,18.5940846,73.7454472,0.019
GNSS_01184,397/2,18.5942411,73.7454392,0.045
GNSS_01185,397/2,18.5943938,73.7454474,0.032
GNSS_01186,397/2,18.5943918,73.7450827,0.029
GNSS_01187,398/3,18.5940816,73.7455178,0.032
GNSS_01188,398/3,18.5941085,73.7456887,0.023
GNSS_01189,398/3,18.5940831,73.7458751,0.034
GNSS_01190,398/3,18.5942362,73.7458599,0.042
GNSS_01191,398/3,18.5943952,73.7458778,0.033
GNSS_01192,398/3,18.5944013,73.7455167,0.029
GNSS_01193,399/4,18.5940818,73.7459405,0.039
GNSS_01194,399/4,18.5940803,73.7461162,0.032
GNSS_01195,399/4,18.5940926,73.7463009,0.044
GNSS_01196,399/4,18.5942427,73.7462906,0.028
GNSS_01197,399/4,18.5943864,73.7462906,0.028
GNSS_01198,399/4,18.5943935,73.7459358,0.039
GNSS_01199,400/1,18.5944414,73.7378263,0.041
GNSS_01200,400/1,18.5944376,73.7380038,0.033
GNSS_01201,400/1,18.5944504,73.7381769,0.018
GNSS_01202,400/1,18.5946012,73.7381855,0.042
GNSS_01203,400/1,18.5947466,73.7381735,0.024
GNSS_01204,400/1,18.5947415,73.7378143,0.034
GNSS_01205,401/2,18.5944522,73.7382379,0.02
GNSS_01206,401/2,18.5944459,73.7384232,0.021
GNSS_01207,401/2,18.5944419,73.7386134,0.045
GNSS_01208,401/2,18.5945925,73.7385997,0.022
GNSS_01209,401/2,18.5947468,73.7386049,0.026
GNSS_01210,401/2,18.5947571,73.7382384,0.036
GNSS_01211,402/3,18.5944475,73.7386732,0.032
GNSS_01212,402/3,18.5944313,73.7388622,0.032
GNSS_01213,402/3,18.5944443,73.7390312,0.037
GNSS_01214,402/3,18.5945927,73.7390435,0.035
GNSS_01215,402/3,18.594753,73.7390335,0.021
GNSS_01216,402/3,18.5947351,73.7386703,0.038
GNSS_01217,403/4,18.5944507,73.7391032,0.042
GNSS_01218,403/4,18.5944394,73.7392854,0.024
GNSS_01219,403/4,18.5944426,73.7394683,0.026
GNSS_01220,403/4,18.5946012,73.7394477,0.023
GNSS_01221,403/4,18.594754,73.7394697,0.021
GNSS_01222,403/4,18.5947638,73.7391012,0.031
GNSS_01223,404/1,18.5944394,73.7395269,0.029
GNSS_01224,404/1,18.5944358,73.7397061,0.033
GNSS_01225,404/1,18.5944485,73.739884,0.044
GNSS_01226,404/1,18.5945955,73.7398815,0.04
GNSS_01227,404/1,18.5947492,73.7398814,0.023
GNSS_01228,404/1,18.5947605,73.7395294,0.041
GNSS_01229,405/2,18.5944411,73.7399491,0.034
GNSS_01230,405/2,18.5944484,73.7401354,0.027
GNSS_01231,405/2,18.5944457,73.7403236,0.043
GNSS_01232,405/2,18.5946058,73.7403211,0.039
GNSS_01233,405/2,18.5947526,73.7403084,0.02
GNSS_01234,405/2,18.5947383,73.7399569,0.022
GNSS_01235,406/3,18.5944479,73.7403769,0.032
GNSS_01236,406/3,18.5944432,73.7405576,0.023
GNSS_01237,406/3,18.5944434,73.7407487,0.028
GNSS_01238,406/3,18.5946025,73.7407454,0.019
GNSS_01239,406/3,18.5947459,73.7407395,0.023
GNSS_01240,406/3,18.5947515,73.7403897,0.021
GNSS_01241,407/4,18.5944528,73.7408045,0.032
GNSS_01242,407/4,18.5944636,73.7409947,0.018
GNSS_01243,407/4,18.5944409,73.7411758,0.043
GNSS_01244,407/4,18.5946042,73.7411769,0.037
GNSS_01245,407/4,18.594755,73.7411788,0.034
GNSS_01246,407/4,18.5947557,73.7408035,0.02
GNSS_01247,408/1,18.594439,73.7412418,0.033
GNSS_01248,408/1,18.5944264,73.7414224,0.021
GNSS_01249,408/1,18.5944417,73.7415928,0.033
GNSS_01250,408/1,18.5945998,73.7415792,0.033
GNSS_01251,408/1,18.5947549,73.741603,0.025
GNSS_01252,408/1,18.5947566,73.7412332,0.043
GNSS_01253,409/2,18.5944469,73.7416716,0.028
GNSS_01254,409/2,18.5944313,73.7418368,0.027
GNSS_01255,409/2,18.5944394,73.7420326,0.023
GNSS_01256,409/2,18.594593,73.7420107,0.038
GNSS_01257,409/2,18.5947554,73.7420233,0.04
GNSS_01258,409/2,18.5947475,73.7416716,0.02
GNSS_01259,410/3,18.5944402,73.7420953,0.041
GNSS_01260,410/3,18.594441,73.7422687,0.027
GNSS_01261,410/3,18.5944459,73.7424573,0.031
GNSS_01262,410/3,18.5945938,73.7424451,0.02
GNSS_01263,410/3,18.5947486,73.7424596,0.021
GNSS_01264,410/3,18.5947583,73.7420893,0.031
GNSS_01265,411/4,18.5944449,73.7425191,0.024
GNSS_01266,411/4,18.5944456,73.7427032,0.037
GNSS_01267,411/4,18.5944398,73.7428807,0.03
GNSS_01268,411/4,18.5945987,73.7428704,0.044
GNSS_01269,411/4,18.5947483,73.7428814,0.033
GNSS_01270,411/4,18.5947497,73.7425143,0.027
GNSS_01271,412/1,18.5944475,73.7429539,0.031
GNSS_01272,412/1,18.5944551,73.7431263,0.036
GNSS_01273,412/1,18.5944472,73.7433063,0.02
GNSS_01274,412/1,18.5945943,73.7433189,0.04
GNSS_01275,412/1,18.5947457,73.7433152,0.042
GNSS_01276,412/1,18.5947419,73.7429391,0.042
GNSS_01277,413/2,18.5944431,73.7433725,0.034
GNSS_01278,413/2,18.5944271,73.7435559,0.035
GNSS_01279,413/2,18.5944521,73.7437288,0.032
GNSS_01280,413/2,18.5946038,73.7437403,0.041
GNSS_01281,413/2,18.5947587,73.7437374,0.041
GNSS_01282,413/2,18.5947614,73.7433813,0.02
GNSS_01283,414/3,18.5944404,73.7438092,0.041
GNSS_01284,414/3,18.5944136,73.7439771,0.028
GNSS_01285,414/3,18.5944477,73.7441601,0.029
GNSS_01286,414/3,18.5946025,73.7441447,0.026
GNSS_01287,414/3,18.5947513,73.7441597,0.042
GNSS_01288,414/3,18.5947494,73.7437954,0.021
GNSS_01289,415/4,18.5944454,73.7442276,0.028
GNSS_01290,415/4,18.5944547,73.744417,0.023
GNSS_01291,415/4,18.594445,73.7445911,0.034
GNSS_01292,415/4,18.5946037,73.7445694,0.034
GNSS_01293,415/4,18.5947511,73.7445905,0.041
GNSS_01294,415/4,18.5947604,73.744222,0.024
GNSS_01295,416/1,18.5944393,73.7446466,0.034
GNSS_01296,416/1,18.5944502,73.7448351,0.025
GNSS_01297,416/1,18.5944534,73.7450172,0.035
GNSS_01298,416/1,18.5946028,73.7450244,0.036
GNSS_01299,416/1,18.5947578,73.7450163,0.036
GNSS_01300,416/1,18.5947516,73.7446595,0.036
GNSS_01301,417/2,18.5944506,73.7450794,0.033
GNSS_01302,417/2,18.5944286,73.7452621,0.02
GNSS_01303,417/2,18.5944499,73.7454424,0.031
GNSS_01304,417/2,18.5946063,73.7454345,0.023
GNSS_01305,417/2,18.594749,73.7454484,0.019
GNSS_01306,417/2,18.5947426,73.7450739,0.045
GNSS_01307,418/3,18.5944517,73.7455096,0.037
GNSS_01308,418/3,18.5944306,73.7456858,0.031
GNSS_01309,418/3,18.5944518,73.7458663,0.04
GNSS_01310,418/3,18.5945934,73.7458534,0.041
GNSS_01311,418/3,18.5947537,73.7458643,0.027
GNSS_01312,418/3,18.5947364,73.7455032,0.02
GNSS_01313,419/4,18.594445,73.7459412,0.031
GNSS_01314,419/4,18.59444,73.7461149,0.044
GNSS_01315,419/4,18.5944412,73.7463015,0.043
GNSS_01316,419/4,18.5946045,73.746311,0.024
GNSS_01317,419/4,18.5947487,73.7462894,0.036
GNSS_01318,419/4,18.5947576,73.7459424,0.029
GNSS_01319,420/1,18.5948055,73.7378273,0.036
GNSS_01320,420/1,18.5948248,73.7380032,0.029
GNSS_01321,420/1,18.5947992,73.7381837,0.039
GNSS_01322,420/1,18.5949613,73.738202,0.038
GNSS_01323,420/1,18.5951111,73.7381886,0.038
GNSS_01324,420/1,18.5951001,73.7378272,0.034
GNSS_01325,421/2,18.5947988,73.7382435,0.042
GNSS_01326,421/2,18.5947942,73.7384183,0.024
GNSS_01327,421/2,18.5948066,73.738606,0.034
GNSS_01328,421/2,18.594957,73.7386177,0.021
GNSS_01329,421/2,18.5951084,73.7386117,0.044
GNSS_01330,421/2,18.5951318,73.7382384,0.02
GNSS_01331,422/3,18.5948134,73.7386752,0.022
GNSS_01332,422/3,18.5948214,73.7388616,0.02
GNSS_01333,422/3,18.5948057,73.7390304,0.039
GNSS_01334,422/3,18.5949613,73.7390486,0.028
GNSS_01335,422/3,18.5951088,73.7390424,0.027
GNSS_01336,422/3,18.5951328,73.7386727,0.02
GNSS_01337,423/4,18.5948046,73.7390959,0.019
GNSS_01338,423/4,18.5948103,73.7392843,0.031
GNSS_01339,423/4,18.5948052,73.7394628,0.036
GNSS_01340,423/4,18.5949532,73.7394477,0.018
GNSS_01341,423/4,18.5951085,73.739461,0.019
GNSS_01342,423/4,18.5951229,73.7390929,0.029
GNSS_01343,424/1,18.594813,73.7395288,0.028
GNSS_01344,424/1,18.5947918,73.7397087,0.036
GNSS_01345,424/1,18.5948105,73.7398954,0.029
GNSS_01346,424/1,18.5949598,73.7399097,0.035
GNSS_01347,424/1,18.5951191,73.7398803,0.044
GNSS_01348,424/1,18.5951146,73.7395342,0.02
GNSS_01349,425/2,18.594803,73.7399604,0.019
GNSS_01350,425/2,18.5947867,73.7401307,0.019
GNSS_01351,425/2,18.5948087,73.7403249,0.045
GNSS_01352,425/2,18.5949575,73.7403067,0.024
GNSS_01353,425/2,18.5951151,73.7403094,0.028
GNSS_01354,425/2,18.5951304,73.7399554,0.039
GNSS_01355,426/3,18.5948138,73.740382,0.043
GNSS_01356,426/3,18.5948036,73.7405549,0.019
GNSS_01357,426/3,18.5947993,73.7407488,0.022
GNSS_01358,426/3,18.5949639,73.7407381,0.036
GNSS_01359,426/3,18.5951116,73.7407467,0.031
GNSS_01360,426/3,18.5951299,73.7403861,0.043
GNSS_01361,427/4,18.5948124,73.7408125,0.041
GNSS_01362,427/4,18.5948072,73.7409963,0.038
GNSS_01363,427/4,18.5948114,73.7411729,0.029
GNSS_01364,427/4,18.5949641,73.7411687,0.021
GNSS_01365,427/4,18.5951136,73.7411639,0.036
GNSS_01366,427/4,18.595088,73.7408122,0.033
GNSS_01367,428/1,18.5948037,73.741239,0.018
GNSS_01368,428/1,18.5947811,73.7414109,0.031
GNSS_01369,428/1,18.5948093,73.7415966,0.018
GNSS_01370,428/1,18.5949583,73.7416102,0.023
GNSS_01371,428/1,18.5951052,73.7416058,0.02
GNSS_01372,428/1,18.595127,73.7412301,0.036
GNSS_01373,429/2,18.5948018,73.741668,0.018
GNSS_01374,429/2,18.5948059,73.7418474,0.024
GNSS_01375,429/2,18.594813,73.7420237,0.021
GNSS_01376,429/2,18.5949521,73.742039,0.032
GNSS_01377,429/2,18.5951122,73.7420195,0.021
GNSS_01378,429/2,18.5951239,73.7416727,0.028
GNSS_01379,430/3,18.5947994,73.7420865,0.042
GNSS_01380,430/3,18.594796,73.7422651,0.03
GNSS_01381,430/3,18.5948125,73.7424587,0.021
GNSS_01382,430/3,18.594954,73.7424511,0.019
GNSS_01383,430/3,18.5951054,73.7424601,0.033
GNSS_01384,430/3,18.5951123,73.7420893,0.022
GNSS_01385,431/4,18.5948077,73.742523,0.031
GNSS_01386,431/4,18.5947978,73.7426962,0.042
GNSS_01387,431/4,18.5948036,73.7428829,0.022
GNSS_01388,431/4,18.5949566,73.7428702,0.043
GNSS_01389,431/4,18.5951158,73.7428725,0.03
GNSS_01390,431/4,18.5951245,73.7425256,0.028
GNSS_01391,432/1,18.5948037,73.742942,0.042
GNSS_01392,432/1,18.5948047,73.7431181,0.034
GNSS_01393,432/1,18.5948003,73.743303,0.033
GNSS_01394,432/1,18.594958,73.7432947,0.024
GNSS_01395,432/1,18.5951079,73.7433116,0.029
GNSS_01396,432/1,18.5951019,73.7429425,0.032
GNSS_01397,433/2,18.5948099,73.7433775,0.019
GNSS_01398,433/2,18.594795,73.7435492,0.032
GNSS_01399,433/2,18.5948122,73.7437356,0.031
GNSS_01400,433/2,18.5949539,73.7437486,0.04
GNSS_01401,433/2,18.5951046,73.7437355,0.04
GNSS_01402,433/2,18.5950972,73.7433821,0.03
GNSS_01403,434/3,18.5948019,73.7437989,0.037
GNSS_01404,434/3,18.5948165,73.7439784,0.023
GNSS_01405,434/3,18.5947988,73.7441704,0.042
GNSS_01406,434/3,18.594954,73.744174,0.035
GNSS_01407,434/3,18.5951133,73.7441606,0.037
GNSS_01408,434/3,18.5951264,73.7438021,0.018
GNSS_01409,435/4,18.5948051,73.7442194,0.021
GNSS_01410,435/4,18.5948279,73.744404,0.028
GNSS_01411,435/4,18.5948108,73.7445893,0.035
GNSS_01412,435/4,18.5949528,73.7446087,0.028
GNSS_01413,435/4,18.5951158,73.7445954,0.023
GNSS_01414,435/4,18.595113,73.7442198,0.033
GNSS_01415,436/1,18.5948069,73.7446521,0.028
GNSS_01416,436/1,18.5948027,73.7448381,0.03
GNSS_01417,436/1,18.5948119,73.7450203,0.032
GNSS_01418,436/1,18.5949631,73.7450298,0.04
GNSS_01419,436/1,18.5951094,73.7450205,0.031
GNSS_01420,436/1,18.5950992,73.7446622,0.032
GNSS_01421,437/2,18.5948092,73.7450854,0.022
GNSS_01422,437/2,18.5947896,73.7452712,0.024
GNSS_01423,437/2,18.5948121,73.7454374,0.044
GNSS_01424,437/2,18.5949575,73.7454337,0.019
GNSS_01425,437/2,18.5951192,73.7454372,0.029
GNSS_01426,437/2,18.5951023,73.7450746,0.036
GNSS_01427,438/3,18.5948015,73.7455008,0.042
GNSS_01428,438/3,18.5948075,73.7456812,0.026
GNSS_01429,438/3,18.5948066,73.7458763,0.039
GNSS_01430,438/3,18.5949604,73.7458642,0.024
GNSS_01431,438/3,18.5951166,73.745873,0.028
GNSS_01432,438/3,18.5951233,73.7455092,0.026
GNSS_01433,439/4,18.5948011,73.7459388,0.024
GNSS_01434,439/4,18.5948127,73.7461177,0.037
GNSS_01435,439/4,18.5948094,73.7462916,0.036
GNSS_01436,439/4,18.5949637,73.7462965,0.044
GNSS_01437,439/4,18.5951063,73.7462913,0.022
GNSS_01438,439/4,18.5951298,73.7459456,0.03
GNSS_01439,440/1,18.5951703,73.7378274,0.038
GNSS_01440,440/1,18.5951667,73.7380081,0.045
GNSS_01441,440/1,18.5951734,73.7381742,0.036
GNSS_01442,440/1,18.5953193,73.7381668,0.04
GNSS_01443,440/1,18.595469,73.738183,0.038
GNSS_01444,440/1,18.5954622,73.7378268,0.043
GNSS_01445,441/2,18.595167,73.7382403,0.033
GNSS_01446,441/2,18.5951517,73.7384238,0.03
GNSS_01447,441/2,18.5951654,73.7386137,0.036
GNSS_01448,441/2,18.5953123,73.738609,0.02
GNSS_01449,441/2,18.5954734,73.7386101,0.032
GNSS_01450,441/2,18.5954932,73.7382418,0.023
GNSS_01451,442/3,18.5951646,73.7386771,0.03
GNSS_01452,442/3,18.5951559,73.7388583,0.022
GNSS_01453,442/3,18.5951587,73.7390328,0.038
GNSS_01454,442/3,18.5953162,73.7390324,0.042
GNSS_01455,442/3,18.5954731,73.7390338,0.038
GNSS_01456,442/3,18.5954621,73.7386689,0.029
GNSS_01457,443/4,18.5951666,73.7391101,0.04
GNSS_01458,443/4,18.5951639,73.7392787,0.026
GNSS_01459,443/4,18.5951643,73.7394637,0.031
GNSS_01460,443/4,18.5953213,73.7394396,0.04
GNSS_01461,443/4,18.5954671,73.7394579,0.026
GNSS_01462,443/4,18.5954661,73.7391006,0.034
GNSS_01463,444/1,18.5951626,73.7395195,0.038
GNSS_01464,444/1,18.5951641,73.7397171,0.034
GNSS_01465,444/1,18.5951685,73.7398887,0.033
GNSS_01466,444/1,18.5953179,73.7398949,0.041
GNSS_01467,444/1,18.595475,73.7398891,0.035
GNSS_01468,444/1,18.5954493,73.7395239,0.031
GNSS_01469,445/2,18.5951625,73.739947,0.023
GNSS_01470,445/2,18.5951419,73.7401375,0.035
GNSS_01471,445/2,18.5951691,73.7403157,0.039
GNSS_01472,445/2,18.5953123,73.7403091,0.034
GNSS_01473,445/2,18.5954742,73.7403139,0.023
GNSS_01474,445/2,18.5954736,73.7399639,0.027
GNSS_01475,446/3,18.5951691,73.7403862,0.023
GNSS_01476,446/3,18.5951482,73.740556,0.042
GNSS_01477,446/3,18.5951587,73.7407495,0.035
GNSS_01478,446/3,18.5953172,73.740751,0.04
GNSS_01479,446/3,18.5954697,73.7407434,0.032
GNSS_01480,446/3,18.5954589,73.7403903,0.032
GNSS_01481,447/4,18.5951603,73.7408176,0.021
GNSS_01482,447/4,18.5951452,73.7409838,0.021
GNSS_01483,447/4,18.5951691,73.7411681,0.037
GNSS_01484,447/4,18.5953183,73.7411758,0.037
GNSS_01485,447/4,18.5954725,73.7411797,0.026
GNSS_01486,447/4,18.5954641,73.7408186,0.024
GNSS_01487,448/1,18.5951659,73.7412286,0.034
GNSS_01488,448/1,18.5951604,73.7414165,0.034
GNSS_01489,448/1,18.5951686,73.7415897,0.023
GNSS_01490,448/1,18.5953187,73.7416098,0.036
GNSS_01491,448/1,18.5954651,73.7416055,0.019
GNSS_01492,448/1,18.5954507,73.7412337,0.022
GNSS_01493,449/2,18.5951662,73.7416584,0.021
GNSS_01494,449/2,18.5951379,73.741849,0.024
GNSS_01495,449/2,18.59516,73.7420266,0.032
GNSS_01496,449/2,18.5953117,73.7420437,0.037
GNSS_01497,449/2,18.5954674,73.7420202,0.028
GNSS_01498,449/2,18.5954728,73.7416606,0.034
GNSS_01499,450/3,18.595165,73.7421004,0.028
GNSS_01500,450/3,18.5951525,73.7422724,0.03
GNSS_01501,450/3,18.5951633,73.7424572,0.038
GNSS_01502,450/3,18.5953195,73.742437,0.037
GNSS_01503,450/3,18.59547,73.7424524,0.041
GNSS_01504,450/3,18.5954876,73.7420879,0.024
GNSS_01505,451/4,18.5951714,73.7425112,0.021
GNSS_01506,451/4,18.5951738,73.7426989,0.043
GNSS_01507,451/4,18.5951738,73.7428739,0.044
GNSS_01508,451/4,18.5953131,73.7428931,0.02
GNSS_01509,451/4,18.5954745,73.7428786,0.044
GNSS_01510,451/4,18.5954555,73.7425115,0.027
GNSS_01511,452/1,18.5951662,73.7429448,0.03
GNSS_01512,452/1,18.5951503,73.7431313,0.021
GNSS_01513,452/1,18.5951701,73.7433086,0.031
GNSS_01514,452/1,18.5953259,73.7433087,0.024
GNSS_01515,452/1,18.5954747,73.7433043,0.043
GNSS_01516,452/1,18.59547,73.7429543,0.019
GNSS_01517,453/2,18.5951644,73.7433819,0.027
GNSS_01518,453/2,18.5951765,73.743557,0.041
GNSS_01519,453/2,18.59516,73.7437363,0.033
GNSS_01520,453/2,18.595323,73.7437101,0.044
GNSS_01521,453/2,18.5954766,73.743739,0.019
GNSS_01522,453/2,18.595481,73.743368,0.03
GNSS_01523,454/3,18.595159,73.7437999,0.033
GNSS_01524,454/3,18.5951724,73.743982,0.031
GNSS_01525,454/3,18.5951693,73.7441578,0.041
GNSS_01526,454/3,18.5953136,73.7441542,0.032
GNSS_01527,454/3,18.5954719,73.7441653,0.029
GNSS_01528,454/3,18.5954703,73.7437936,0.031
GNSS_01529,455/4,18.595159,73.7442246,0.025
GNSS_01530,455/4,18.5951616,73.7444,0.035
GNSS_01531,455/4,18.5951699,73.7445858,0.034
GNSS_01532,455/4,18.5953251,73.7445744,0.043
GNSS_01533,455/4,18.595466,73.7445857,0.02
GNSS_01534,455/4,18.5954871,73.744225,0.026
GNSS_01535,456/1,18.595165,73.7446579,0.031
GNSS_01536,456/1,18.5951753,73.7448357,0.04
GNSS_01537,456/1,18.5951657,73.7450071,0.036
GNSS_01538,456/1,18.5953163,73.7450086,0.022
GNSS_01539,456/1,18.5954694,73.7450171,0.026
GNSS_01540,456/1,18.5954553,73.7446478,0.044
GNSS_01541,457/2,18.5951667,73.7450884,0.031
GNSS_01542,457/2,18.5951549,73.7452588,0.024
GNSS_01543,457/2,18.5951647,73.745452,0.039
GNSS_01544,457/2,18.5953229,73.7454512,0.036
GNSS_01545,457/2,18.5954774,73.7454356,0.026
GNSS_01546,457/2,18.59548,73.7450749,0.04
GNSS_01547,458/3,18.5951664,73.745505,0.04
GNSS_01548,458/3,18.5951551,73.7456929,0.041
GNSS_01549,458/3,18.5951681,73.7458771,0.042
GNSS_01550,458/3,18.5953144,73.7458634,0.043
GNSS_01551,458/3,18.5954746,73.7458702,0.038
GNSS_01552,458/3,18.5954757,73.7455153,0.02
GNSS_01553,459/4,18.5951631,73.74594,0.023
GNSS_01554,459/4,18.595165,73.7461159,0.025
GNSS_01555,459/4,18.5951595,73.7463034,0.04
GNSS_01556,459/4,18.5953178,73.7462787,0.031
GNSS_01557,459/4,18.5954744,73.7463033,0.033
GNSS_01558,459/4,18.5954611,73.7459323,0.03
GNSS_01559,460/1,18.5955305,73.7378111,0.042
GNSS_01560,460/1,18.5955041,73.737996,0.036
GNSS_01561,460/1,18.5955191,73.738183,0.042
GNSS_01562,460/1,18.5956834,73.7381731,0.029
GNSS_01563,460/1,18.5958381,73.7381724,0.041
GNSS_01564,460/1,18.5958208,73.7378163,0.041
GNSS_01565,461/2,18.5955311,73.7382472,0.029
GNSS_01566,461/2,18.5955457,73.7384353,0.022
GNSS_01567,461/2,18.595532,73.7386031,0.023
GNSS_01568,461/2,18.5956733,73.7386118,0.044
GNSS_01569,461/2,18.5958294,73.7386131,0.03
GNSS_01570,461/2,18.5958459,73.7382484,0.025
GNSS_01571,462/3,18.5955268,73.7386671,0.04
GNSS_01572,462/3,18.5955377,73.738854,0.019
GNSS_01573,462/3,18.5955305,73.7390308,0.043
GNSS_01574,462/3,18.5956787,73.7390297,0.036
GNSS_01575,462/3,18.5958291,73.7390324,0.025
GNSS_01576,462/3,18.5958454,73.7386767,0.028
GNSS_01577,463/4,18.5955317,73.7390944,0.035
GNSS_01578,463/4,18.5954993,73.7392881,0.042
GNSS_01579,463/4,18.5955245,73.7394694,0.039
GNSS_01580,463/4,18.5956753,73.7394654,0.029
GNSS_01581,463/4,18.595837,73.7394546,0.019
GNSS_01582,463/4,18.5958389,73.7390965,0.041
GNSS_01583,464/1,18.5955319,73.7395324,0.035
GNSS_01584,464/1,18.5955279,73.7397146,0.039
GNSS_01585,464/1,18.5955262,73.7398928,0.022
GNSS_01586,464/1,18.5956806,73.7398833,0.029
GNSS_01587,464/1,18.5958357,73.7398949,0.035
GNSS_01588,464/1,18.5958371,73.7395276,0.026
GNSS_01589,465/2,18.5955284,73.7399605,0.028
GNSS_01590,465/2,18.5955406,73.7401294,0.029
GNSS_01591,465/2,18.5955328,73.7403148,0.028
GNSS_01592,465/2,18.5956848,73.7403061,0.041
GNSS_01593,465/2,18.5958271,73.7403098,0.033
GNSS_01594,465/2,18.5958371,73.7399574,0.019
GNSS_01595,466/3,18.5955334,73.7403902,0.043
GNSS_01596,466/3,18.5955057,73.7405578,0.03
GNSS_01597,466/3,18.5955246,73.7407377,0.036
GNSS_01598,466/3,18.5956754,73.740748,0.021
GNSS_01599,466/3,18.59583,73.7407362,0.037
GNSS_01600,466/3,18.5958308,73.740391,0.023
GNSS_01601,467/4,18.5955276,73.7408165,0.03
GNSS_01602,467/4,18.5955278,73.7409994,0.018
GNSS_01603,467/4,18.5955249,73.7411741,0.022
GNSS_01604,467/4,18.5956737,73.741169,0.027
GNSS_01605,467/4,18.5958284,73.7411671,0.037
GNSS_01606,467/4,18.595825,73.7408122,0.037
GNSS_01607,468/1,18.595527,73.7412296,0.044
GNSS_01608,468/1,18.5955334,73.7414096,0.036
GNSS_01609,468/1,18.5955239,73.7415976,0.022
GNSS_01610,468/1,18.5956817,73.7415971,0.042
GNSS_01611,468/1,18.5958353,73.7416035,0.019
GNSS_01612,468/1,18.595828,73.7412429,0.023
GNSS_01613,469/2,18.5955233,73.7416579,0.039
GNSS_01614,469/2,18.595516,73.7418455,0.025
GNSS_01615,469/2,18.5955191,73.7420184,0.026
GNSS_01616,469/2,18.5956848,73.7420349,0.042
GNSS_01617,469/2,18.5958358,73.7420313,0.027
GNSS_01618,469/2,18.5958423,73.7416722,0.045
GNSS_01619,470/3,18.5955214,73.7420907,0.021
GNSS_01620,470/3,18.5955143,73.7422641,0.037
GNSS_01621,470/3,18.595521,73.742452,0.022
GNSS_01622,470/3,18.5956732,73.742468,0.027
GNSS_01623,470/3,18.595832,73.7424596,0.024
GNSS_01624,470/3,18.5958444,73.7420907,0.026
GNSS_01625,471/4,18.5955217,73.7425219,0.028
GNSS_01626,471/4,18.5955028,73.7427083,0.043
GNSS_01627,471/4,18.5955212,73.7428845,0.021
GNSS_01628,471/4,18.5956752,73.7428996,0.027
GNSS_01629,471/4,18.5958258,73.7428797,0.019
GNSS_01630,471/4,18.595831,73.7425159,0.03
GNSS_01631,472/1,18.5955186,73.7429479,0.019
GNSS_01632,472/1,18.5955168,73.743135,0.02
GNSS_01633,472/1,18.5955234,73.7433151,0.044
GNSS_01634,472/1,18.5956827,73.7433094,0.028
GNSS_01635,472/1,18.5958331,73.7433152,0.029
GNSS_01636,472/1,18.5958415,73.742941,0.023
GNSS_01637,473/2,18.5955228,73.7433784,0.031
GNSS_01638,473/2,18.5955425,73.7435583,0.042
GNSS_01639,473/2,18.595526,73.7437273,0.031
GNSS_01640,473/2,18.5956838,73.7437463,0.033
GNSS_01641,473/2,18.5958349,73.7437307,0.029
GNSS_01642,473/2,18.5958225,73.7433667,0.038
GNSS_01643,474/3,18.5955237,73.7437923,0.021
GNSS_01644,474/3,18.5955123,73.7439803,0.042
GNSS_01645,474/3,18.5955208,73.7441647,0.041
GNSS_01646,474/3,18.5956811,73.7441588,0.032
GNSS_01647,474/3,18.5958288,73.7441618,0.026
GNSS_01648,474/3,18.5958356,73.7437995,0.019
GNSS_01649,475/4,18.5955256,73.7442262,0.037
GNSS_01650,475/4,18.5955076,73.7444122,0.026
GNSS_01651,475/4,18.5955274,73.744586,0.038
GNSS_01652,475/4,18.5956717,73.7445939,0.038
GNSS_01653,475/4,18.5958315,73.7445929,0.03
GNSS_01654,475/4,18.5958377,73.744233,0.04
GNSS_01655,476/1,18.5955299,73.7446493,0.031
GNSS_01656,476/1,18.5955063,73.7448373,0.035
GNSS_01657,476/1,18.5955266,73.7450087,0.044
GNSS_01658,476/1,18.5956732,73.745021,0.028
GNSS_01659,476/1,18.5958317,73.7450099,0.036
GNSS_01660,476/1,18.5958264,73.7446585,0.037
GNSS_01661,477/2,18.5955309,73.7450767,0.029
GNSS_01662,477/2,18.5955031,73.7452662,0.021
GNSS_01663,477/2,18.5955258,73.7454345,0.042
GNSS_01664,477/2,18.5956751,73.7454209,0.038
GNSS_01665,477/2,18.5958375,73.7454492,0.03
GNSS_01666,477/2,18.5958126,73.7450829,0.031
GNSS_01667,478/3,18.5955312,73.7455107,0.034
GNSS_01668,478/3,18.5954979,73.7456817,0.035
GNSS_01669,478/3,18.5955294,73.7458726,0.036
GNSS_01670,478/3,18.5956844,73.7458821,0.04
GNSS_01671,478/3,18.5958335,73.7458745,0.031
GNSS_01672,478/3,18.5958181,73.7455104,0.037
GNSS_01673,479/4,18.5955284,73.7459325,0.036
GNSS_01674,479/4,18.5955374,73.7461241,0.043
GNSS_01675,479/4,18.5955283,73.7462996,0.041
GNSS_01676,479/4,18.5956781,73.7462994,0.037
GNSS_01677,479/4,18.5958355,73.7462913,0.031
GNSS_01678,479/4,18.595833,73.7459361,0.042
GNSS_01679,480/1,18.5958896,73.7378227,0.045
GNSS_01680,480/1,18.5958766,73.7380053,0.026
GNSS_01681,480/1,18.5958879,73.7381866,0.024
GNSS_01682,480/1,18.5960428,73.7381939,0.019
GNSS_01683,480/1,18.5961863,73.7381834,0.018
GNSS_01684,480/1,18.5962056,73.7378142,0.042
GNSS_01685,481/2,18.5958907,73.7382469,0.042
GNSS_01686,481/2,18.5958677,73.7384243,0.034
GNSS_01687,481/2,18.595887,73.7386027,0.021
GNSS_01688,481/2,18.5960466,73.738595,0.019
GNSS_01689,481/2,18.5961961,73.7386127,0.044
GNSS_01690,481/2,18.5962058,73.7382517,0.04
GNSS_01691,482/3,18.5958799,73.7386805,0.028
GNSS_01692,482/3,18.5958603,73.7388556,0.04
GNSS_01693,482/3,18.5958802,73.7390288,0.021
GNSS_01694,482/3,18.5960369,73.7390402,0.023
GNSS_01695,482/3,18.5961952,73.7390389,0.044
GNSS_01696,482/3,18.5961959,73.7386788,0.039
GNSS_01697,483/4,18.5958797,73.7391014,0.041
GNSS_01698,483/4,18.5958969,73.7392793,0.039
GNSS_01699,483/4,18.5958886,73.7394595,0.028
GNSS_01700,483/4,18.5960429,73.7394675,0.019
GNSS_01701,483/4,18.5961878,73.7394606,0.022
GNSS_01702,483/4,18.5961849,73.7391067,0.018
GNSS_01703,484/1,18.5958809,73.7395372,0.036
GNSS_01704,484/1,18.5958655,73.7397009,0.033
GNSS_01705,484/1,18.5958882,73.7398921,0.026
GNSS_01706,484/1,18.5960322,73.7398807,0.038
GNSS_01707,484/1,18.5961952,73.7398916,0.043
GNSS_01708,484/1,18.5961856,73.7395314,0.018
GNSS_01709,485/2,18.5958882,73.739954,0.037
GNSS_01710,485/2,18.5958654,73.7401431,0.042
GNSS_01711,485/2,18.5958852,73.7403186,0.032
GNSS_01712,485/2,18.5960438,73.7403178,0.033
GNSS_01713,485/2,18.5961962,73.7403191,0.024
GNSS_01714,485/2,18.5961729,73.7399626,0.032
GNSS_01715,486/3,18.5958906,73.7403744,0.021
GNSS_01716,486/3,18.5958766,73.7405649,0.026
GNSS_01717,486/3,18.5958895,73.7407486,0.038
GNSS_01718,486/3,18.5960331,73.7407622,0.03
GNSS_01719,486/3,18.59619,73.7407357,0.045
GNSS_01720,486/3,18.5961775,73.7403852,0.04
GNSS_01721,487/4,18.5958875,73.7408107,0.021
GNSS_01722,487/4,18.5958753,73.7409878,0.037
GNSS_01723,487/4,18.5958893,73.741176,0.04
GNSS_01724,487/4,18.5960423,73.741189,0.02
GNSS_01725,487/4,18.5961881,73.7411712,0.02
GNSS_01726,487/4,18.5961978,73.740807,0.042
GNSS_01727,488/1,18.5958869,73.7412356,0.03
GNSS_01728,488/1,18.5959001,73.7414227,0.044
GNSS_01729,488/1,18.5958881,73.7415996,0.032
GNSS_01730,488/1,18.5960419,73.741591,0.032
GNSS_01731,488/1,18.5961955,73.7416062,0.037
GNSS_01732,488/1,18.5961932,73.7412358,0.03
GNSS_01733,489/2,18.5958876,73.7416727,0.019
GNSS_01734,489/2,18.5958647,73.7418433,0.042
GNSS_01735,489/2,18.595879,73.7420266,0.042
GNSS_01736,489/2,18.596037,73.7420359,0.024
GNSS_01737,489/2,18.596189,73.7420342,0.04
GNSS_01738,489/2,18.5961917,73.7416643,0.031
GNSS_01739,490/3,18.5958831,73.7420914,0.02
GNSS_01740,490/3,18.5958769,73.7422713,0.035
GNSS_01741,490/3,18.5958912,73.7424503,0.035
GNSS_01742,490/3,18.5960334,73.7424421,0.028
GNSS_01743,490/3,18.5961941,73.742446,0.042
GNSS_01744,490/3,18.5961781,73.7420965,0.027
GNSS_01745,491/4,18.5958916,73.7425216,0.023
GNSS_01746,491/4,18.595862,73.7427031,0.031
GNSS_01747,491/4,18.5958892,73.7428851,0.042
GNSS_01748,491/4,18.5960333,73.7428956,0.021
GNSS_01749,491/4,18.5961873,73.7428808,0.043
GNSS_01750,491/4,18.5962016,73.7425211,0.023
GNSS_01751,492/1,18.5958873,73.7429523,0.044
GNSS_01752,492/1,18.5958922,73.7431191,0.033
GNSS_01753,492/1,18.5958874,73.7433037,0.026
GNSS_01754,492/1,18.5960456,73.7432956,0.023
GNSS_01755,492/1,18.5961871,73.743304,0.039
GNSS_01756,492/1,18.5962043,73.7429376,0.022
GNSS_01757,493/2,18.5958893,73.7433676,0.032
GNSS_01758,493/2,18.5958674,73.7435501,0.044
GNSS_01759,493/2,18.5958921,73.7437277,0.025
GNSS_01760,493/2,18.5960458,73.743713,0.027
GNSS_01761,493/2,18.5961851,73.7437414,0.033
GNSS_01762,493/2,18.5962101,73.7433687,0.02
GNSS_01763,494/3,18.5958931,73.7437964,0.039
GNSS_01764,494/3,18.5958818,73.7439841,0.033
GNSS_01765,494/3,18.5958904,73.7441623,0.029
GNSS_01766,494/3,18.5960376,73.7441477,0.043
GNSS_01767,494/3,18.5961941,73.7441539,0.03
GNSS_01768,494/3,18.596213,73.7437953,0.018
GNSS_01769,495/4,18.5958793,73.7442218,0.02
GNSS_01770,495/4,18.5958573,73.7444158,0.037
GNSS_01771,495/4,18.5958888,73.7445841,0.04
GNSS_01772,495/4,18.5960442,73.7446022,0.038
GNSS_01773,495/4,18.5961972,73.7445834,0.045
GNSS_01774,495/4,18.5961923,73.7442239,0.042
GNSS_01775,496/1,18.5958836,73.7446583,0.031
GNSS_01776,496/1,18.5958804,73.7448311,0.042
GNSS_01777,496/1,18.5958822,73.7450149,0.036
GNSS_01778,496/1,18.5960366,73.7450419,0.029
GNSS_01779,496/1,18.5961935,73.7450151,0.042
GNSS_01780,496/1,18.5961884,73.7446463,0.037
GNSS_01781,497/2,18.5958789,73.7450746,0.043
GNSS_01782,497/2,18.5958825,73.7452686,0.03
GNSS_01783,497/2,18.5958838,73.7454461,0.024
GNSS_01784,497/2,18.596044,73.7454596,0.019
GNSS_01785,497/2,18.596187,73.7454404,0.026
GNSS_01786,497/2,18.5962004,73.7450871,0.043
GNSS_01787,498/3,18.5958818,73.745515,0.023
GNSS_01788,498/3,18.5959026,73.7456985,0.023
GNSS_01789,498/3,18.5958859,73.7458619,0.038
GNSS_01790,498/3,18.5960406,73.7458859,0.036
GNSS_01791,498/3,18.5961994,73.7458613,0.034
GNSS_01792,498/3,18.5961905,73.745512,0.023
GNSS_01793,499/4,18.5958819,73.7459379,0.043
GNSS_01794,499/4,18.5959026,73.7461175,0.019
GNSS_01795,499/4,18.5958888,73.7462919,0.043
GNSS_01796,499/4,18.596042,73.7462898,0.03
GNSS_01797,499/4,18.5961882,73.746298,0.045
GNSS_01798,499/4,18.5961826,73.7459378,0.025
